elapsed_time,player_pos_x,player_pos_y,player_pos_z
0.0,2096.0,304.0,-1720.0
0.001,2096.0,304.0,-1720.0
0.02,2085.0,320.0,-1734.0
0.046,2085.0,320.0,-1734.0
0.048,2085.0,320.0,-1734.0
0.054,2085.0,320.0,-1734.0
0.091,2085.0,320.0,-1734.0
0.092,2085.0,320.0,-1734.0
0.129,2085.0,320.0,-1734.0
0.132,2095.0,320.0,-1729.0
0.181,2095.0,320.0,-1729.0
0.207,2126.0,424.0,-786.0
0.226,2126.0,424.0,-786.0
0.228,2126.0,424.0,-786.0
0.242,2126.0,424.0,-786.0
0.271,2126.0,424.0,-786.0
0.272,2126.0,424.0,-786.0
0.315,2126.0,424.0,-786.0
0.316,2126.0,424.0,-786.0
0.318,2126.0,424.0,-786.0
0.321,2123.0,428.0,-1031.0
0.354,2123.0,428.0,-1031.0
0.361,2123.0,428.0,-1031.0
0.406,2123.0,428.0,-1031.0
0.429,2123.0,428.0,-1031.0
0.433,2240.0,676.0,-1335.0
0.451,2240.0,676.0,-1335.0
0.452,2240.0,676.0,-1335.0
0.496,2240.0,676.0,-1335.0
0.499,2240.0,676.0,-1335.0
0.508,2240.0,621.0,-1417.0
0.541,2240.0,621.0,-1417.0
0.585,2240.0,621.0,-1417.0
0.586,2240.0,621.0,-1417.0
0.62,2232.0,576.0,-1454.0
0.632,2232.0,576.0,-1454.0
0.633,2232.0,576.0,-1454.0
0.654,2232.0,576.0,-1454.0
0.676,2232.0,576.0,-1454.0
0.72,2232.0,576.0,-1454.0
0.721,2232.0,576.0,-1454.0
0.733,2225.0,563.0,-1452.0
0.766,2225.0,563.0,-1452.0
0.767,2225.0,563.0,-1452.0
0.768,2225.0,563.0,-1452.0
0.808,2200.0,565.0,-1463.0
0.811,2200.0,565.0,-1463.0
0.842,2200.0,565.0,-1463.0
0.855,2200.0,565.0,-1463.0
0.856,2200.0,565.0,-1463.0
0.917,2200.0,565.0,-1463.0
0.918,2200.0,565.0,-1463.0
0.92,2140.0,579.0,-1474.0
0.946,2140.0,579.0,-1474.0
0.991,2140.0,579.0,-1474.0
0.992,2140.0,579.0,-1474.0
1.029,2140.0,579.0,-1474.0
1.033,2093.0,625.0,-1471.0
1.037,2093.0,625.0,-1471.0
1.038,2093.0,625.0,-1471.0
1.081,2093.0,625.0,-1471.0
1.108,2032.0,646.0,-1508.0
1.126,2032.0,646.0,-1508.0
1.127,2032.0,646.0,-1508.0
1.142,2032.0,646.0,-1508.0
1.17,2032.0,646.0,-1508.0
1.171,2032.0,646.0,-1508.0
1.172,2032.0,646.0,-1508.0
1.216,2032.0,646.0,-1508.0
1.217,2032.0,646.0,-1508.0
1.221,2036.0,678.0,-1428.0
1.254,2036.0,678.0,-1428.0
1.261,2036.0,678.0,-1428.0
1.262,2036.0,678.0,-1428.0
1.306,2036.0,678.0,-1428.0
1.307,2036.0,678.0,-1428.0
1.308,2036.0,678.0,-1428.0
1.329,2036.0,678.0,-1428.0
1.332,1998.0,742.0,-1446.0
1.351,1998.0,742.0,-1446.0
1.352,1998.0,742.0,-1446.0
1.396,1998.0,742.0,-1446.0
1.407,1969.0,759.0,-1426.0
1.441,1969.0,759.0,-1426.0
1.485,1969.0,759.0,-1426.0
1.486,1969.0,759.0,-1426.0
1.52,1915.0,795.0,-1466.0
1.531,1915.0,795.0,-1466.0
1.532,1915.0,795.0,-1466.0
1.533,1915.0,795.0,-1466.0
1.555,1915.0,795.0,-1466.0
1.576,1915.0,795.0,-1466.0
1.577,1915.0,795.0,-1466.0
1.578,1915.0,795.0,-1466.0
1.621,1915.0,795.0,-1466.0
1.633,1843.0,837.0,-1510.0
1.666,1843.0,837.0,-1510.0
1.667,1843.0,837.0,-1510.0
1.707,1806.0,911.0,-1565.0
1.711,1806.0,911.0,-1565.0
1.712,1806.0,911.0,-1565.0
1.756,1806.0,911.0,-1565.0
1.757,1806.0,911.0,-1565.0
1.8,1806.0,911.0,-1565.0
1.801,1806.0,911.0,-1565.0
1.802,1806.0,911.0,-1565.0
1.816,1806.0,911.0,-1565.0
1.82,1768.0,944.0,-1611.0
1.846,1768.0,944.0,-1611.0
1.847,1768.0,944.0,-1611.0
1.891,1768.0,944.0,-1611.0
1.93,1768.0,944.0,-1611.0
1.933,1772.0,1018.0,-1626.0
1.976,1772.0,1018.0,-1626.0
1.977,1772.0,1018.0,-1626.0
1.981,1772.0,1018.0,-1626.0
1.982,1772.0,1018.0,-1626.0
2.004,1772.0,1018.0,-1626.0
2.007,1743.0,989.0,-1610.0
2.026,1743.0,989.0,-1610.0
2.041,1743.0,989.0,-1610.0
2.071,1743.0,989.0,-1610.0
2.072,1743.0,989.0,-1610.0
2.115,1743.0,989.0,-1610.0
2.12,1742.0,1033.0,-1624.0
2.154,1742.0,1033.0,-1624.0
2.161,1742.0,1033.0,-1624.0
2.162,1742.0,1033.0,-1624.0
2.205,1742.0,1033.0,-1624.0
2.206,1742.0,1033.0,-1624.0
2.232,1757.0,1032.0,-1610.0
2.251,1757.0,1032.0,-1610.0
2.252,1757.0,1032.0,-1610.0
2.267,1757.0,1032.0,-1610.0
2.307,1736.0,1032.0,-1613.0
2.341,1736.0,1032.0,-1613.0
2.342,1736.0,1032.0,-1613.0
2.343,1736.0,1032.0,-1613.0
2.386,1736.0,1032.0,-1613.0
2.387,1736.0,1032.0,-1613.0
2.42,1732.0,1035.0,-1593.0
2.431,1732.0,1035.0,-1593.0
2.432,1732.0,1035.0,-1593.0
2.476,1732.0,1035.0,-1593.0
2.477,1732.0,1035.0,-1593.0
2.492,1732.0,1035.0,-1593.0
2.52,1732.0,1035.0,-1593.0
2.521,1732.0,1035.0,-1593.0
2.529,1732.0,1035.0,-1593.0
2.532,1717.0,1025.0,-1564.0
2.566,1717.0,1025.0,-1564.0
2.607,1713.0,1034.0,-1545.0
2.611,1713.0,1034.0,-1545.0
2.612,1713.0,1034.0,-1545.0
2.656,1713.0,1034.0,-1545.0
2.716,1713.0,1034.0,-1545.0
2.72,1721.0,1043.0,-1565.0
2.79,1721.0,1043.0,-1565.0
2.791,1721.0,1043.0,-1565.0
2.829,1721.0,1043.0,-1565.0
2.83,1721.0,1043.0,-1565.0
2.832,1747.0,1106.0,-1609.0
2.836,1747.0,1106.0,-1609.0
2.837,1747.0,1106.0,-1609.0
2.838,1747.0,1106.0,-1609.0
2.881,1747.0,1106.0,-1609.0
2.908,1774.0,1183.0,-1653.0
2.926,1774.0,1183.0,-1653.0
2.927,1774.0,1183.0,-1653.0
2.942,1774.0,1183.0,-1653.0
2.971,1774.0,1183.0,-1653.0
2.973,1774.0,1183.0,-1653.0
3.02,1787.0,1216.0,-1674.0
3.054,1787.0,1216.0,-1674.0
3.061,1787.0,1216.0,-1674.0
3.062,1787.0,1216.0,-1674.0
3.129,1787.0,1216.0,-1674.0
3.133,1813.0,1259.0,-1695.0
3.151,1813.0,1259.0,-1695.0
3.153,1813.0,1259.0,-1695.0
3.196,1813.0,1259.0,-1695.0
3.198,1813.0,1259.0,-1695.0
3.208,1825.0,1282.0,-1733.0
3.241,1825.0,1282.0,-1733.0
3.286,1825.0,1282.0,-1733.0
3.32,1833.0,1306.0,-1746.0
3.331,1833.0,1306.0,-1746.0
3.332,1833.0,1306.0,-1746.0
3.354,1833.0,1306.0,-1746.0
3.375,1833.0,1306.0,-1746.0
3.376,1833.0,1306.0,-1746.0
3.42,1833.0,1306.0,-1746.0
3.421,1833.0,1306.0,-1746.0
3.433,1835.0,1323.0,-1753.0
3.466,1835.0,1323.0,-1753.0
3.467,1835.0,1323.0,-1753.0
3.508,1861.0,1354.0,-1762.0
3.511,1861.0,1354.0,-1762.0
3.542,1861.0,1354.0,-1762.0
3.555,1861.0,1354.0,-1762.0
3.556,1861.0,1354.0,-1762.0
3.62,1827.0,1319.0,-1722.0
3.645,1827.0,1319.0,-1722.0
3.646,1827.0,1319.0,-1722.0
3.647,1827.0,1319.0,-1722.0
3.654,1827.0,1319.0,-1722.0
3.691,1827.0,1319.0,-1722.0
3.729,1827.0,1319.0,-1722.0
3.732,1817.0,1300.0,-1725.0
3.735,1817.0,1300.0,-1725.0
3.781,1817.0,1300.0,-1725.0
3.808,1787.0,1270.0,-1712.0
3.827,1787.0,1270.0,-1712.0
3.828,1787.0,1270.0,-1712.0
3.842,1787.0,1270.0,-1712.0
3.872,1787.0,1270.0,-1712.0
3.916,1787.0,1270.0,-1712.0
3.92,1774.0,1206.0,-1700.0
3.954,1774.0,1206.0,-1700.0
4.007,1774.0,1206.0,-1700.0
4.008,1774.0,1206.0,-1700.0
4.029,1774.0,1206.0,-1700.0
4.033,1765.0,1182.0,-1616.0
4.05,1765.0,1182.0,-1616.0
4.051,1765.0,1182.0,-1616.0
4.053,1765.0,1182.0,-1616.0
4.1,1765.0,1182.0,-1616.0
4.101,1765.0,1182.0,-1616.0
4.107,1799.0,1201.0,-1564.0
4.141,1799.0,1201.0,-1564.0
4.186,1799.0,1201.0,-1564.0
4.187,1799.0,1201.0,-1564.0
4.22,1793.0,1228.0,-1571.0
4.231,1793.0,1228.0,-1571.0
4.232,1793.0,1228.0,-1571.0
4.276,1793.0,1228.0,-1571.0
4.277,1793.0,1228.0,-1571.0
4.291,1793.0,1228.0,-1571.0
4.321,1793.0,1228.0,-1571.0
4.322,1793.0,1228.0,-1571.0
4.333,1778.0,1165.0,-1530.0
4.366,1778.0,1165.0,-1530.0
4.367,1778.0,1165.0,-1530.0
4.368,1778.0,1165.0,-1530.0
4.404,1778.0,1165.0,-1530.0
4.408,1776.0,1169.0,-1508.0
4.412,1776.0,1169.0,-1508.0
4.413,1776.0,1169.0,-1508.0
4.441,1776.0,1169.0,-1508.0
4.455,1776.0,1169.0,-1508.0
4.456,1776.0,1169.0,-1508.0
4.501,1776.0,1169.0,-1508.0
4.506,1776.0,1169.0,-1508.0
4.507,1776.0,1169.0,-1508.0
4.52,1774.0,1157.0,-1526.0
4.545,1774.0,1157.0,-1526.0
4.546,1774.0,1157.0,-1526.0
4.548,1774.0,1157.0,-1526.0
4.554,1774.0,1157.0,-1526.0
4.591,1774.0,1157.0,-1526.0
4.629,1774.0,1157.0,-1526.0
4.633,1776.0,1163.0,-1524.0
4.636,1776.0,1163.0,-1524.0
4.68,1776.0,1163.0,-1524.0
4.681,1776.0,1163.0,-1524.0
4.708,1759.0,1123.0,-1481.0
4.726,1759.0,1123.0,-1481.0
4.727,1759.0,1123.0,-1481.0
4.727,1759.0,1123.0,-1481.0
4.741,1759.0,1123.0,-1481.0
4.771,1759.0,1123.0,-1481.0
4.816,1759.0,1123.0,-1481.0
4.817,1759.0,1123.0,-1481.0
4.82,1758.0,1025.0,-1444.0
4.854,1758.0,1025.0,-1444.0
4.861,1758.0,1025.0,-1444.0
4.862,1758.0,1025.0,-1444.0
4.905,1758.0,1025.0,-1444.0
4.906,1758.0,1025.0,-1444.0
4.929,1758.0,1025.0,-1444.0
4.933,1735.0,1001.0,-1451.0
4.996,1735.0,1001.0,-1451.0
4.998,1735.0,1001.0,-1451.0
4.999,1735.0,1001.0,-1451.0
5.008,1724.0,968.0,-1456.0
5.042,1724.0,968.0,-1456.0
5.086,1724.0,968.0,-1456.0
5.087,1724.0,968.0,-1456.0
5.12,1751.0,942.0,-1430.0
5.146,1751.0,942.0,-1430.0
5.176,1751.0,942.0,-1430.0
5.191,1751.0,942.0,-1430.0
5.221,1751.0,942.0,-1430.0
5.222,1751.0,942.0,-1430.0
5.229,1751.0,942.0,-1430.0
5.233,1800.0,928.0,-1402.0
5.266,1800.0,928.0,-1402.0
5.308,1832.0,919.0,-1395.0
5.31,1832.0,919.0,-1395.0
5.311,1832.0,919.0,-1395.0
5.312,1832.0,919.0,-1395.0
5.342,1832.0,919.0,-1395.0
5.355,1832.0,919.0,-1395.0
5.356,1832.0,919.0,-1395.0
5.4,1832.0,919.0,-1395.0
5.401,1832.0,919.0,-1395.0
5.42,1888.0,836.0,-1407.0
5.446,1888.0,836.0,-1407.0
5.447,1888.0,836.0,-1407.0
5.491,1888.0,836.0,-1407.0
5.492,1888.0,836.0,-1407.0
5.529,1888.0,836.0,-1407.0
5.532,1937.0,854.0,-1393.0
5.541,1937.0,854.0,-1393.0
5.581,1937.0,854.0,-1393.0
5.582,1937.0,854.0,-1393.0
5.608,2001.0,882.0,-1354.0
5.626,2001.0,882.0,-1354.0
5.629,2001.0,882.0,-1354.0
5.641,2001.0,882.0,-1354.0
5.671,2001.0,882.0,-1354.0
5.715,2001.0,882.0,-1354.0
5.716,2001.0,882.0,-1354.0
5.717,2001.0,882.0,-1354.0
5.72,2023.0,903.0,-1346.0
5.754,2023.0,903.0,-1346.0
5.762,2023.0,903.0,-1346.0
5.763,2023.0,903.0,-1346.0
5.806,2023.0,903.0,-1346.0
5.833,2087.0,943.0,-1269.0
5.851,2087.0,943.0,-1269.0
5.867,2087.0,943.0,-1269.0
5.896,2087.0,943.0,-1269.0
5.908,2127.0,947.0,-1205.0
5.94,2127.0,947.0,-1205.0
5.941,2127.0,947.0,-1205.0
5.942,2127.0,947.0,-1205.0
5.985,2127.0,947.0,-1205.0
5.986,2127.0,947.0,-1205.0
6.02,2155.0,949.0,-1172.0
6.031,2155.0,949.0,-1172.0
6.033,2155.0,949.0,-1172.0
6.054,2155.0,949.0,-1172.0
6.076,2155.0,949.0,-1172.0
6.077,2155.0,949.0,-1172.0
6.12,2155.0,949.0,-1172.0
6.121,2155.0,949.0,-1172.0
6.129,2155.0,949.0,-1172.0
6.133,2157.0,927.0,-1190.0
6.193,2157.0,927.0,-1190.0
6.194,2157.0,927.0,-1190.0
6.208,2153.0,898.0,-1207.0
6.21,2153.0,898.0,-1207.0
6.211,2153.0,898.0,-1207.0
6.212,2153.0,898.0,-1207.0
6.241,2153.0,898.0,-1207.0
6.255,2153.0,898.0,-1207.0
6.256,2153.0,898.0,-1207.0
6.3,2153.0,898.0,-1207.0
6.301,2153.0,898.0,-1207.0
6.302,2153.0,898.0,-1207.0
6.321,2174.0,879.0,-1172.0
6.347,2174.0,879.0,-1172.0
6.354,2174.0,879.0,-1172.0
6.391,2174.0,879.0,-1172.0
6.393,2174.0,879.0,-1172.0
6.429,2174.0,879.0,-1172.0
6.433,2180.0,881.0,-1172.0
6.435,2180.0,881.0,-1172.0
6.436,2180.0,881.0,-1172.0
6.481,2180.0,881.0,-1172.0
6.508,2162.0,894.0,-1161.0
6.525,2162.0,894.0,-1161.0
6.527,2162.0,894.0,-1161.0
6.528,2162.0,894.0,-1161.0
6.541,2162.0,894.0,-1161.0
6.573,2162.0,894.0,-1161.0
6.574,2162.0,894.0,-1161.0
6.576,2162.0,894.0,-1161.0
6.615,2162.0,894.0,-1161.0
6.616,2162.0,894.0,-1161.0
6.621,2149.0,895.0,-1174.0
6.653,2149.0,895.0,-1174.0
6.661,2149.0,895.0,-1174.0
6.662,2149.0,895.0,-1174.0
6.729,2149.0,895.0,-1174.0
6.733,2131.0,891.0,-1174.0
6.751,2131.0,891.0,-1174.0
6.752,2131.0,891.0,-1174.0
6.796,2131.0,891.0,-1174.0
6.808,2138.0,880.0,-1153.0
6.841,2138.0,880.0,-1153.0
6.842,2138.0,880.0,-1153.0
6.886,2138.0,880.0,-1153.0
6.888,2138.0,880.0,-1153.0
6.92,2125.0,893.0,-1154.0
6.932,2125.0,893.0,-1154.0
6.936,2125.0,893.0,-1154.0
6.954,2125.0,893.0,-1154.0
6.976,2125.0,893.0,-1154.0
7.02,2125.0,893.0,-1154.0
7.021,2125.0,893.0,-1154.0
7.022,2125.0,893.0,-1154.0
7.029,2125.0,893.0,-1154.0
7.033,2123.0,880.0,-1137.0
7.065,2123.0,880.0,-1137.0
7.066,2123.0,880.0,-1137.0
7.067,2123.0,880.0,-1137.0
7.108,2114.0,874.0,-1163.0
7.111,2114.0,874.0,-1163.0
7.112,2114.0,874.0,-1163.0
7.142,2114.0,874.0,-1163.0
7.156,2114.0,874.0,-1163.0
7.22,2099.0,875.0,-1194.0
7.247,2099.0,875.0,-1194.0
7.254,2099.0,875.0,-1194.0
7.291,2099.0,875.0,-1194.0
7.292,2099.0,875.0,-1194.0
7.329,2099.0,875.0,-1194.0
7.333,2104.0,897.0,-1177.0
7.336,2104.0,897.0,-1177.0
7.337,2104.0,897.0,-1177.0
7.381,2104.0,897.0,-1177.0
7.381,2104.0,897.0,-1177.0
7.408,2086.0,892.0,-1166.0
7.426,2086.0,892.0,-1166.0
7.427,2086.0,892.0,-1166.0
7.441,2086.0,892.0,-1166.0
7.471,2086.0,892.0,-1166.0
7.472,2086.0,892.0,-1166.0
7.515,2086.0,892.0,-1166.0
7.516,2086.0,892.0,-1166.0
7.52,2087.0,896.0,-1107.0
7.554,2087.0,896.0,-1107.0
7.561,2087.0,896.0,-1107.0
7.562,2087.0,896.0,-1107.0
7.606,2087.0,896.0,-1107.0
7.607,2087.0,896.0,-1107.0
7.628,2087.0,896.0,-1107.0
7.632,2073.0,903.0,-1121.0
7.651,2073.0,903.0,-1121.0
7.695,2073.0,903.0,-1121.0
7.696,2073.0,903.0,-1121.0
7.707,2067.0,910.0,-1102.0
7.741,2067.0,910.0,-1102.0
7.742,2067.0,910.0,-1102.0
7.785,2067.0,910.0,-1102.0
7.786,2067.0,910.0,-1102.0
7.787,2067.0,910.0,-1102.0
7.832,2067.0,910.0,-1102.0
7.854,2067.0,910.0,-1102.0
7.858,2067.0,869.0,-1099.0
7.875,2067.0,869.0,-1099.0
7.876,2067.0,869.0,-1099.0
7.921,2067.0,869.0,-1099.0
7.929,2067.0,869.0,-1099.0
7.933,2066.0,864.0,-1111.0
7.966,2066.0,864.0,-1111.0
7.967,2066.0,864.0,-1111.0
8.008,2018.0,847.0,-1199.0
8.01,2018.0,847.0,-1199.0
8.011,2018.0,847.0,-1199.0
8.012,2018.0,847.0,-1199.0
8.042,2018.0,847.0,-1199.0
8.056,2018.0,847.0,-1199.0
8.056,2018.0,847.0,-1199.0
8.101,2018.0,847.0,-1199.0
8.102,2018.0,847.0,-1199.0
8.121,2012.0,852.0,-1193.0
8.145,2012.0,852.0,-1193.0
8.155,2012.0,852.0,-1193.0
8.191,2012.0,852.0,-1193.0
8.192,2012.0,852.0,-1193.0
8.229,2012.0,852.0,-1193.0
8.232,2027.0,852.0,-1207.0
8.235,2027.0,852.0,-1207.0
8.236,2027.0,852.0,-1207.0
8.237,2027.0,852.0,-1207.0
8.287,2027.0,852.0,-1207.0
8.288,2027.0,852.0,-1207.0
8.308,2030.0,829.0,-1254.0
8.326,2030.0,829.0,-1254.0
8.327,2030.0,829.0,-1254.0
8.341,2030.0,829.0,-1254.0
8.416,2030.0,829.0,-1254.0
8.417,2030.0,829.0,-1254.0
8.42,2040.0,810.0,-1247.0
8.454,2040.0,810.0,-1247.0
8.461,2040.0,810.0,-1247.0
8.462,2040.0,810.0,-1247.0
8.505,2040.0,810.0,-1247.0
8.506,2040.0,810.0,-1247.0
8.533,2030.0,809.0,-1242.0
8.551,2030.0,809.0,-1242.0
8.552,2030.0,809.0,-1242.0
8.566,2030.0,809.0,-1242.0
8.596,2030.0,809.0,-1242.0
8.597,2030.0,809.0,-1242.0
8.608,2022.0,792.0,-1245.0
8.64,2022.0,792.0,-1245.0
8.641,2022.0,792.0,-1245.0
8.679,2022.0,792.0,-1245.0
8.686,2022.0,792.0,-1245.0
8.687,2022.0,792.0,-1245.0
8.72,2029.0,775.0,-1222.0
8.731,2029.0,775.0,-1222.0
8.775,2029.0,775.0,-1222.0
8.776,2029.0,775.0,-1222.0
8.792,2029.0,775.0,-1222.0
8.82,2029.0,775.0,-1222.0
8.821,2029.0,775.0,-1222.0
8.833,2021.0,763.0,-1246.0
8.865,2021.0,763.0,-1246.0
8.866,2021.0,763.0,-1246.0
8.904,2021.0,763.0,-1246.0
8.907,2038.0,752.0,-1220.0
8.911,2038.0,752.0,-1220.0
8.941,2038.0,752.0,-1220.0
8.955,2038.0,752.0,-1220.0
9.001,2038.0,752.0,-1220.0
9.004,2038.0,752.0,-1220.0
9.02,2043.0,742.0,-1212.0
9.046,2043.0,742.0,-1212.0
9.054,2043.0,742.0,-1212.0
9.091,2043.0,742.0,-1212.0
9.092,2043.0,742.0,-1212.0
9.129,2043.0,742.0,-1212.0
9.133,2047.0,729.0,-1165.0
9.135,2047.0,729.0,-1165.0
9.136,2047.0,729.0,-1165.0
9.18,2047.0,729.0,-1165.0
9.181,2047.0,729.0,-1165.0
9.208,2050.0,715.0,-1141.0
9.226,2050.0,715.0,-1141.0
9.227,2050.0,715.0,-1141.0
9.228,2050.0,715.0,-1141.0
9.242,2050.0,715.0,-1141.0
9.27,2050.0,715.0,-1141.0
9.271,2050.0,715.0,-1141.0
9.32,2061.0,714.0,-1104.0
9.333,2061.0,714.0,-1104.0
9.354,2061.0,714.0,-1104.0
9.361,2061.0,714.0,-1104.0
9.405,2061.0,714.0,-1104.0
9.406,2061.0,714.0,-1104.0
9.429,2061.0,714.0,-1104.0
9.433,2096.0,707.0,-1037.0
9.45,2096.0,707.0,-1037.0
9.451,2096.0,707.0,-1037.0
9.497,2096.0,707.0,-1037.0
9.497,2096.0,707.0,-1037.0
9.508,2110.0,695.0,-1022.0
9.541,2110.0,695.0,-1022.0
9.585,2110.0,695.0,-1022.0
9.586,2110.0,695.0,-1022.0
9.62,2104.0,696.0,-1040.0
9.631,2104.0,696.0,-1040.0
9.632,2104.0,696.0,-1040.0
9.72,2104.0,696.0,-1040.0
9.721,2104.0,696.0,-1040.0
9.722,2104.0,696.0,-1040.0
9.729,2104.0,696.0,-1040.0
9.73,2104.0,696.0,-1040.0
9.732,2098.0,693.0,-1058.0
9.766,2098.0,693.0,-1058.0
9.767,2098.0,693.0,-1058.0
9.808,2095.0,676.0,-1053.0
9.811,2095.0,676.0,-1053.0
9.842,2095.0,676.0,-1053.0
9.856,2095.0,676.0,-1053.0
9.857,2095.0,676.0,-1053.0
9.901,2095.0,676.0,-1053.0
9.902,2095.0,676.0,-1053.0
9.92,2093.0,675.0,-1049.0
9.946,2093.0,675.0,-1049.0
9.947,2093.0,675.0,-1049.0
9.954,2093.0,675.0,-1049.0
9.991,2093.0,675.0,-1049.0
9.992,2093.0,675.0,-1049.0
10.029,2093.0,675.0,-1049.0
10.032,2087.0,688.0,-1050.0
10.035,2087.0,688.0,-1050.0
10.036,2087.0,688.0,-1050.0
10.081,2087.0,688.0,-1050.0
10.108,2088.0,685.0,-1036.0
10.125,2088.0,685.0,-1036.0
10.126,2088.0,685.0,-1036.0
10.127,2088.0,685.0,-1036.0
10.142,2088.0,685.0,-1036.0
10.172,2088.0,685.0,-1036.0
10.215,2088.0,685.0,-1036.0
10.216,2088.0,685.0,-1036.0
10.22,2085.0,674.0,-1007.0
10.254,2085.0,674.0,-1007.0
10.305,2085.0,674.0,-1007.0
10.329,2085.0,674.0,-1007.0
10.333,2094.0,686.0,-992.0
10.388,2094.0,686.0,-992.0
10.408,2092.0,703.0,-998.0
10.441,2092.0,703.0,-998.0
10.442,2092.0,703.0,-998.0
10.479,2092.0,703.0,-998.0
10.52,2094.0,695.0,-978.0
10.53,2094.0,695.0,-978.0
10.531,2094.0,695.0,-978.0
10.554,2094.0,695.0,-978.0
10.576,2094.0,695.0,-978.0
10.629,2094.0,695.0,-978.0
10.633,2098.0,686.0,-977.0
10.666,2098.0,686.0,-977.0
10.668,2098.0,686.0,-977.0
10.707,2086.0,693.0,-994.0
10.711,2086.0,693.0,-994.0
10.712,2086.0,693.0,-994.0
10.741,2086.0,693.0,-994.0
10.82,2081.0,699.0,-1005.0
10.854,2081.0,699.0,-1005.0
10.896,2081.0,699.0,-1005.0
10.897,2081.0,699.0,-1005.0
10.898,2081.0,699.0,-1005.0
10.899,2081.0,699.0,-1005.0
10.929,2081.0,699.0,-1005.0
10.933,2079.0,687.0,-1025.0
10.936,2079.0,687.0,-1025.0
10.937,2079.0,687.0,-1025.0
10.98,2079.0,687.0,-1025.0
10.981,2079.0,687.0,-1025.0
11.007,2079.0,695.0,-1020.0
11.042,2079.0,695.0,-1020.0
11.116,2079.0,695.0,-1020.0
11.12,2078.0,684.0,-1033.0
11.162,2078.0,684.0,-1033.0
11.162,2078.0,684.0,-1033.0
11.205,2078.0,684.0,-1033.0
11.206,2078.0,684.0,-1033.0
11.231,2078.0,684.0,-1033.0
11.231,2078.0,684.0,-1033.0
11.232,2072.0,683.0,-1028.0
11.251,2072.0,683.0,-1028.0
11.295,2072.0,683.0,-1028.0
11.296,2072.0,683.0,-1028.0
11.308,2075.0,679.0,-1002.0
11.341,2075.0,679.0,-1002.0
11.341,2075.0,679.0,-1002.0
11.342,2075.0,679.0,-1002.0
11.386,2075.0,679.0,-1002.0
11.387,2075.0,679.0,-1002.0
11.43,2075.0,679.0,-1002.0
11.431,2075.0,679.0,-1002.0
11.454,2075.0,679.0,-1002.0
11.475,2075.0,679.0,-1002.0
11.476,2075.0,679.0,-1002.0
11.495,2074.0,662.0,-994.0
11.533,2080.0,663.0,-975.0
11.566,2080.0,663.0,-975.0
11.567,2080.0,663.0,-975.0
11.568,2080.0,663.0,-975.0
11.569,2080.0,663.0,-975.0
11.608,2080.0,659.0,-993.0
11.611,2080.0,659.0,-993.0
11.642,2080.0,659.0,-993.0
11.655,2080.0,659.0,-993.0
11.656,2080.0,659.0,-993.0
11.704,2080.0,659.0,-993.0
11.704,2080.0,659.0,-993.0
11.72,2077.0,639.0,-1015.0
11.754,2077.0,639.0,-1015.0
11.761,2077.0,639.0,-1015.0
11.79,2077.0,639.0,-1015.0
11.791,2077.0,639.0,-1015.0
11.792,2077.0,639.0,-1015.0
11.829,2077.0,639.0,-1015.0
11.832,2062.0,625.0,-1026.0
11.836,2062.0,625.0,-1026.0
11.927,2062.0,625.0,-1026.0
11.928,2062.0,625.0,-1026.0
11.933,2062.0,625.0,-1026.0
11.942,2062.0,625.0,-1026.0
11.946,2067.0,621.0,-1041.0
11.971,2067.0,621.0,-1041.0
11.972,2067.0,621.0,-1041.0
12.015,2067.0,621.0,-1041.0
12.02,2067.0,630.0,-1025.0
12.054,2067.0,630.0,-1025.0
12.06,2067.0,630.0,-1025.0
12.061,2067.0,630.0,-1025.0
12.062,2067.0,630.0,-1025.0
12.105,2067.0,630.0,-1025.0
12.106,2067.0,630.0,-1025.0
12.107,2067.0,630.0,-1025.0
12.13,2067.0,630.0,-1025.0
12.133,2062.0,637.0,-1056.0
12.151,2062.0,637.0,-1056.0
12.195,2062.0,637.0,-1056.0
12.196,2062.0,637.0,-1056.0
12.197,2062.0,637.0,-1056.0
12.208,2054.0,647.0,-1043.0
12.24,2054.0,647.0,-1043.0
12.241,2054.0,647.0,-1043.0
12.286,2054.0,647.0,-1043.0
12.287,2054.0,647.0,-1043.0
12.32,2058.0,657.0,-1018.0
12.333,2058.0,657.0,-1018.0
12.336,2058.0,657.0,-1018.0
12.354,2058.0,657.0,-1018.0
12.375,2058.0,657.0,-1018.0
12.376,2058.0,657.0,-1018.0
12.421,2058.0,657.0,-1018.0
12.429,2058.0,657.0,-1018.0
12.433,2069.0,654.0,-985.0
12.474,2069.0,654.0,-985.0
12.508,2078.0,646.0,-956.0
12.542,2078.0,646.0,-956.0
12.6,2078.0,646.0,-956.0
12.601,2078.0,646.0,-956.0
12.602,2078.0,646.0,-956.0
12.62,2078.0,632.0,-998.0
12.645,2078.0,632.0,-998.0
12.646,2078.0,632.0,-998.0
12.647,2078.0,632.0,-998.0
12.654,2078.0,632.0,-998.0
12.693,2078.0,632.0,-998.0
12.694,2078.0,632.0,-998.0
12.729,2078.0,632.0,-998.0
12.732,2076.0,664.0,-965.0
12.78,2076.0,664.0,-965.0
12.781,2076.0,664.0,-965.0
12.782,2076.0,664.0,-965.0
12.807,2077.0,499.0,-1015.0
12.825,2077.0,499.0,-1015.0
12.826,2077.0,499.0,-1015.0
12.828,2077.0,499.0,-1015.0
12.87,2077.0,499.0,-1015.0
12.871,2077.0,499.0,-1015.0
12.879,2077.0,499.0,-1015.0
12.916,2077.0,499.0,-1015.0
12.92,2070.0,542.0,-999.0
12.961,2070.0,542.0,-999.0
12.992,2070.0,542.0,-999.0
13.005,2070.0,542.0,-999.0
13.029,2070.0,542.0,-999.0
13.033,2078.0,584.0,-998.0
13.05,2078.0,584.0,-998.0
13.051,2078.0,584.0,-998.0
13.096,2078.0,584.0,-998.0
13.097,2078.0,584.0,-998.0
13.108,2087.0,649.0,-1001.0
13.14,2087.0,649.0,-1001.0
13.141,2087.0,649.0,-1001.0
13.142,2087.0,649.0,-1001.0
13.186,2087.0,649.0,-1001.0
13.186,2087.0,649.0,-1001.0
13.22,2088.0,686.0,-1031.0
13.231,2088.0,686.0,-1031.0
13.276,2088.0,686.0,-1031.0
13.321,2088.0,686.0,-1031.0
13.322,2088.0,686.0,-1031.0
13.329,2088.0,686.0,-1031.0
13.33,2088.0,686.0,-1031.0
13.332,2078.0,730.0,-1052.0
13.408,2055.0,751.0,-1110.0
13.41,2055.0,751.0,-1110.0
13.411,2055.0,751.0,-1110.0
13.412,2055.0,751.0,-1110.0
13.442,2055.0,751.0,-1110.0
13.455,2055.0,751.0,-1110.0
13.456,2055.0,751.0,-1110.0
13.457,2055.0,751.0,-1110.0
13.514,2055.0,751.0,-1110.0
13.515,2055.0,751.0,-1110.0
13.52,2019.0,789.0,-1141.0
13.545,2019.0,789.0,-1141.0
13.592,2019.0,789.0,-1141.0
13.629,2019.0,789.0,-1141.0
13.629,2019.0,789.0,-1141.0
13.632,1991.0,813.0,-1196.0
13.636,1991.0,813.0,-1196.0
13.637,1991.0,813.0,-1196.0
13.68,1991.0,813.0,-1196.0
13.708,1968.0,855.0,-1200.0
13.725,1968.0,855.0,-1200.0
13.726,1968.0,855.0,-1200.0
13.727,1968.0,855.0,-1200.0
13.771,1968.0,855.0,-1200.0
13.815,1968.0,855.0,-1200.0
13.816,1968.0,855.0,-1200.0
13.82,1950.0,857.0,-1206.0
13.854,1950.0,857.0,-1206.0
13.86,1950.0,857.0,-1206.0
13.861,1950.0,857.0,-1206.0
13.862,1950.0,857.0,-1206.0
13.908,1950.0,857.0,-1206.0
13.929,1950.0,857.0,-1206.0
13.932,1937.0,869.0,-1245.0
13.95,1937.0,869.0,-1245.0
13.951,1937.0,869.0,-1245.0
13.996,1937.0,869.0,-1245.0
13.996,1937.0,869.0,-1245.0
13.997,1937.0,869.0,-1245.0
14.008,1930.0,899.0,-1253.0
14.04,1930.0,899.0,-1253.0
14.041,1930.0,899.0,-1253.0
14.042,1930.0,899.0,-1253.0
14.085,1930.0,899.0,-1253.0
14.086,1930.0,899.0,-1253.0
14.12,1918.0,914.0,-1287.0
14.136,1918.0,914.0,-1287.0
14.155,1918.0,914.0,-1287.0
14.22,1918.0,914.0,-1287.0
14.221,1918.0,914.0,-1287.0
14.222,1918.0,914.0,-1287.0
14.229,1918.0,914.0,-1287.0
14.233,1873.0,958.0,-1299.0
14.265,1873.0,958.0,-1299.0
14.266,1873.0,958.0,-1299.0
14.308,1848.0,950.0,-1295.0
14.311,1848.0,950.0,-1295.0
14.313,1848.0,950.0,-1295.0
14.356,1848.0,950.0,-1295.0
14.358,1848.0,950.0,-1295.0
14.379,1848.0,950.0,-1295.0
14.4,1848.0,950.0,-1295.0
14.42,1838.0,947.0,-1309.0
14.445,1838.0,947.0,-1309.0
14.446,1838.0,947.0,-1309.0
14.447,1838.0,947.0,-1309.0
14.529,1838.0,947.0,-1309.0
14.53,1838.0,947.0,-1309.0
14.532,1843.0,982.0,-1322.0
14.551,1843.0,982.0,-1322.0
14.551,1843.0,982.0,-1322.0
14.58,1843.0,982.0,-1322.0
14.581,1843.0,982.0,-1322.0
14.608,1834.0,991.0,-1318.0
14.625,1834.0,991.0,-1318.0
14.628,1834.0,991.0,-1318.0
14.641,1834.0,991.0,-1318.0
14.67,1834.0,991.0,-1318.0
14.671,1834.0,991.0,-1318.0
14.672,1834.0,991.0,-1318.0
14.715,1834.0,991.0,-1318.0
14.72,1808.0,981.0,-1334.0
14.754,1808.0,981.0,-1334.0
14.761,1808.0,981.0,-1334.0
14.762,1808.0,981.0,-1334.0
14.763,1808.0,981.0,-1334.0
14.806,1808.0,981.0,-1334.0
14.807,1808.0,981.0,-1334.0
14.829,1808.0,981.0,-1334.0
14.833,1784.0,976.0,-1349.0
14.85,1784.0,976.0,-1349.0
14.851,1784.0,976.0,-1349.0
14.896,1784.0,976.0,-1349.0
14.907,1808.0,995.0,-1316.0
14.94,1808.0,995.0,-1316.0
14.942,1808.0,995.0,-1316.0
14.986,1808.0,995.0,-1316.0
15.02,1839.0,1001.0,-1285.0
15.031,1839.0,1001.0,-1285.0
15.032,1839.0,1001.0,-1285.0
15.055,1839.0,1001.0,-1285.0
15.075,1839.0,1001.0,-1285.0
15.076,1839.0,1001.0,-1285.0
15.12,1839.0,1001.0,-1285.0
15.121,1839.0,1001.0,-1285.0
15.123,1839.0,1001.0,-1285.0
15.133,1761.0,969.0,-1390.0
15.204,1761.0,969.0,-1390.0
15.207,1747.0,989.0,-1446.0
15.21,1747.0,989.0,-1446.0
15.241,1747.0,989.0,-1446.0
15.256,1747.0,989.0,-1446.0
15.257,1747.0,989.0,-1446.0
15.32,1768.0,1001.0,-1462.0
15.346,1768.0,1001.0,-1462.0
15.347,1768.0,1001.0,-1462.0
15.43,1768.0,1001.0,-1462.0
15.47,1781.0,1035.0,-1499.0
15.508,1773.0,1032.0,-1496.0
15.581,1773.0,1032.0,-1496.0
15.582,1773.0,1032.0,-1496.0
15.617,1773.0,1032.0,-1496.0
15.62,1768.0,1023.0,-1521.0
15.654,1768.0,1023.0,-1521.0
15.655,1768.0,1023.0,-1521.0
15.66,1768.0,1023.0,-1521.0
15.661,1768.0,1023.0,-1521.0
15.662,1768.0,1023.0,-1521.0
15.705,1768.0,1023.0,-1521.0
15.706,1768.0,1023.0,-1521.0
15.707,1768.0,1023.0,-1521.0
15.733,1763.0,1021.0,-1534.0
15.75,1763.0,1021.0,-1534.0
15.751,1763.0,1021.0,-1534.0
15.795,1763.0,1021.0,-1534.0
15.796,1763.0,1021.0,-1534.0
15.804,1763.0,1021.0,-1534.0
15.808,1744.0,1025.0,-1549.0
15.84,1744.0,1025.0,-1549.0
15.841,1744.0,1025.0,-1549.0
15.885,1744.0,1025.0,-1549.0
15.886,1744.0,1025.0,-1549.0
15.887,1744.0,1025.0,-1549.0
15.92,1750.0,1040.0,-1557.0
15.93,1750.0,1040.0,-1557.0
15.931,1750.0,1040.0,-1557.0
15.954,1750.0,1040.0,-1557.0
15.975,1750.0,1040.0,-1557.0
15.976,1750.0,1040.0,-1557.0
16.02,1750.0,1040.0,-1557.0
16.029,1750.0,1040.0,-1557.0
16.033,1742.0,1042.0,-1570.0
16.065,1742.0,1042.0,-1570.0
16.108,1728.0,1050.0,-1590.0
16.11,1728.0,1050.0,-1590.0
16.111,1728.0,1050.0,-1590.0
16.112,1728.0,1050.0,-1590.0
16.142,1728.0,1050.0,-1590.0
16.2,1728.0,1050.0,-1590.0
16.201,1728.0,1050.0,-1590.0
16.202,1728.0,1050.0,-1590.0
16.22,1722.0,1051.0,-1583.0
16.246,1722.0,1051.0,-1583.0
16.291,1722.0,1051.0,-1583.0
16.292,1722.0,1051.0,-1583.0
16.333,1719.0,1051.0,-1598.0
16.337,1719.0,1051.0,-1598.0
16.338,1719.0,1051.0,-1598.0
16.366,1719.0,1051.0,-1598.0
16.381,1719.0,1051.0,-1598.0
16.408,1711.0,1044.0,-1583.0
16.471,1711.0,1044.0,-1583.0
16.472,1711.0,1044.0,-1583.0
16.472,1711.0,1044.0,-1583.0
16.515,1711.0,1044.0,-1583.0
16.516,1711.0,1044.0,-1583.0
16.517,1711.0,1044.0,-1583.0
16.52,1701.0,1041.0,-1589.0
16.554,1701.0,1041.0,-1589.0
16.561,1701.0,1041.0,-1589.0
16.562,1701.0,1041.0,-1589.0
16.619,1701.0,1041.0,-1589.0
16.629,1701.0,1041.0,-1589.0
16.632,1690.0,1044.0,-1594.0
16.65,1690.0,1044.0,-1594.0
16.651,1690.0,1044.0,-1594.0
16.652,1690.0,1044.0,-1594.0
16.696,1690.0,1044.0,-1594.0
16.697,1690.0,1044.0,-1594.0
16.707,1747.0,1355.0,-1786.0
16.741,1747.0,1355.0,-1786.0
16.742,1747.0,1355.0,-1786.0
16.786,1747.0,1355.0,-1786.0
16.787,1747.0,1355.0,-1786.0
16.821,1729.0,1270.0,-1723.0
16.83,1729.0,1270.0,-1723.0
16.834,1729.0,1270.0,-1723.0
16.876,1729.0,1270.0,-1723.0
16.877,1729.0,1270.0,-1723.0
16.892,1729.0,1270.0,-1723.0
16.921,1729.0,1270.0,-1723.0
16.922,1729.0,1270.0,-1723.0
16.929,1729.0,1270.0,-1723.0
16.933,1753.0,1371.0,-1811.0
16.966,1753.0,1371.0,-1811.0
17.008,1893.0,1635.0,-1849.0
17.011,1893.0,1635.0,-1849.0
17.012,1893.0,1635.0,-1849.0
17.041,1893.0,1635.0,-1849.0
17.056,1893.0,1635.0,-1849.0
17.1,1893.0,1635.0,-1849.0
17.101,1893.0,1635.0,-1849.0
17.12,1883.0,1803.0,-796.0
17.154,1883.0,1803.0,-796.0
17.229,1883.0,1803.0,-796.0
17.233,1830.0,1599.0,-192.0
17.236,1830.0,1599.0,-192.0
17.237,1830.0,1599.0,-192.0
17.308,1844.0,1721.0,433.0
17.325,1844.0,1721.0,433.0
17.326,1844.0,1721.0,433.0
17.327,1844.0,1721.0,433.0
17.341,1844.0,1721.0,433.0
17.371,1844.0,1721.0,433.0
17.372,1844.0,1721.0,433.0
17.42,1812.0,1567.0,734.0
17.454,1812.0,1567.0,734.0
17.529,1812.0,1567.0,734.0
17.533,1777.0,1459.0,944.0
17.595,1777.0,1459.0,944.0
17.608,1768.0,1437.0,343.0
17.642,1768.0,1437.0,343.0
17.685,1768.0,1437.0,343.0
17.686,1768.0,1437.0,343.0
17.687,1768.0,1437.0,343.0
17.72,1745.0,1538.0,-227.0
17.754,1745.0,1538.0,-227.0
17.833,1739.0,1583.0,-628.0
17.866,1739.0,1583.0,-628.0
17.867,1739.0,1583.0,-628.0
17.908,1712.0,1589.0,-39.0
17.91,1712.0,1589.0,-39.0
17.911,1712.0,1589.0,-39.0
17.941,1712.0,1589.0,-39.0
17.956,1712.0,1589.0,-39.0
17.957,1712.0,1589.0,-39.0
18.0,1712.0,1589.0,-39.0
18.02,1693.0,1574.0,332.0
18.046,1693.0,1574.0,332.0
18.047,1693.0,1574.0,332.0
18.129,1693.0,1574.0,332.0
18.13,1693.0,1574.0,332.0
18.133,1755.0,1793.0,617.0
18.18,1755.0,1793.0,617.0
18.181,1755.0,1793.0,617.0
18.182,1755.0,1793.0,617.0
18.225,1755.0,1793.0,617.0
18.226,1755.0,1793.0,617.0
18.242,1755.0,1793.0,617.0
18.245,1649.0,1758.0,812.0
18.32,1550.0,1770.0,964.0
18.354,1550.0,1770.0,964.0
18.361,1550.0,1770.0,964.0
18.361,1550.0,1770.0,964.0
18.362,1550.0,1770.0,964.0
18.405,1550.0,1770.0,964.0
18.429,1550.0,1770.0,964.0
18.432,1628.0,2152.0,1011.0
18.542,1628.0,2152.0,1011.0
18.546,1703.0,2506.0,985.0
18.62,1535.0,2433.0,1099.0
18.635,1535.0,2433.0,1099.0
18.636,1535.0,2433.0,1099.0
18.654,1535.0,2433.0,1099.0
18.721,1535.0,2433.0,1099.0
18.722,1535.0,2433.0,1099.0
18.729,1535.0,2433.0,1099.0
18.733,1418.0,2365.0,1157.0
18.808,1300.0,2313.0,1218.0
18.842,1300.0,2313.0,1218.0
18.9,1300.0,2313.0,1218.0
18.901,1300.0,2313.0,1218.0
18.902,1300.0,2313.0,1218.0
18.92,1213.0,2258.0,1247.0
18.945,1213.0,2258.0,1247.0
18.946,1213.0,2258.0,1247.0
18.954,1213.0,2258.0,1247.0
19.029,1213.0,2258.0,1247.0
19.033,1147.0,2194.0,1264.0
19.108,1105.0,2142.0,1309.0
19.142,1105.0,2142.0,1309.0
19.22,1041.0,2147.0,1374.0
19.255,1041.0,2147.0,1374.0
19.26,1041.0,2147.0,1374.0
19.261,1041.0,2147.0,1374.0
19.262,1041.0,2147.0,1374.0
19.329,1041.0,2147.0,1374.0
19.37,985.0,2116.0,1391.0
19.408,933.0,2079.0,1427.0
19.442,933.0,2079.0,1427.0
19.52,823.0,2071.0,1466.0
19.532,823.0,2071.0,1466.0
19.533,823.0,2071.0,1466.0
19.534,823.0,2071.0,1466.0
19.591,823.0,2071.0,1466.0
19.62,823.0,2071.0,1466.0
19.621,823.0,2071.0,1466.0
19.622,823.0,2071.0,1466.0
19.629,823.0,2071.0,1466.0
19.632,776.0,2083.0,1443.0
19.707,685.0,2161.0,1398.0
19.741,685.0,2161.0,1398.0
19.801,685.0,2161.0,1398.0
19.821,613.0,2189.0,1389.0
19.845,613.0,2189.0,1389.0
19.846,613.0,2189.0,1389.0
19.854,613.0,2189.0,1389.0
19.929,613.0,2189.0,1389.0
19.933,573.0,2197.0,1372.0
20.007,546.0,2213.0,1362.0
20.041,546.0,2213.0,1362.0
20.07,546.0,2213.0,1362.0
20.071,546.0,2213.0,1362.0
20.115,546.0,2213.0,1362.0
20.116,546.0,2213.0,1362.0
20.117,546.0,2213.0,1362.0
20.12,539.0,2240.0,1350.0
20.154,539.0,2240.0,1350.0
20.229,539.0,2240.0,1350.0
20.232,503.0,2242.0,1312.0
20.295,503.0,2242.0,1312.0
20.296,503.0,2242.0,1312.0
20.297,503.0,2242.0,1312.0
20.308,491.0,2234.0,1309.0
20.342,491.0,2234.0,1309.0
20.386,491.0,2234.0,1309.0
20.387,491.0,2234.0,1309.0
20.42,492.0,2239.0,1309.0
20.454,492.0,2239.0,1309.0
20.529,492.0,2239.0,1309.0
20.532,497.0,2266.0,1323.0
20.565,497.0,2266.0,1323.0
20.566,497.0,2266.0,1323.0
20.567,497.0,2266.0,1323.0
20.608,502.0,2249.0,1318.0
20.656,502.0,2249.0,1318.0
20.679,502.0,2249.0,1318.0
20.701,502.0,2249.0,1318.0
20.745,502.0,2249.0,1318.0
20.746,502.0,2249.0,1318.0
20.754,502.0,2249.0,1318.0
20.758,518.0,2218.0,1322.0
20.829,518.0,2218.0,1322.0
20.908,547.0,2206.0,1333.0
20.925,547.0,2206.0,1333.0
20.927,547.0,2206.0,1333.0
20.928,547.0,2206.0,1333.0
20.945,633.0,2175.0,1349.0
20.979,633.0,2175.0,1349.0
21.058,732.0,2148.0,1343.0
21.092,732.0,2148.0,1343.0
21.132,861.0,2088.0,1320.0
21.15,861.0,2088.0,1320.0
21.166,861.0,2088.0,1320.0
21.208,979.0,2052.0,1326.0
21.241,979.0,2052.0,1326.0
21.285,979.0,2052.0,1326.0
21.32,1120.0,1987.0,1325.0
21.355,1120.0,1987.0,1325.0
21.42,1120.0,1987.0,1325.0
21.421,1120.0,1987.0,1325.0
21.429,1120.0,1987.0,1325.0
21.432,1237.0,1928.0,1287.0
21.508,1374.0,1740.0,1369.0
21.51,1374.0,1740.0,1369.0
21.511,1374.0,1740.0,1369.0
21.512,1374.0,1740.0,1369.0
21.579,1374.0,1740.0,1369.0
21.6,1374.0,1740.0,1369.0
21.601,1374.0,1740.0,1369.0
21.602,1374.0,1740.0,1369.0
21.62,1505.0,1702.0,1349.0
21.691,1505.0,1702.0,1349.0
21.729,1505.0,1702.0,1349.0
21.732,1697.0,1607.0,1305.0
21.809,1912.0,1523.0,1224.0
21.842,1912.0,1523.0,1224.0
21.954,1912.0,1523.0,1224.0
21.958,2109.0,1462.0,647.0
22.005,2109.0,1462.0,647.0
22.033,2311.0,1353.0,180.0
22.066,2311.0,1353.0,180.0
22.096,2311.0,1353.0,180.0
22.108,2484.0,1305.0,-177.0
22.14,2484.0,1305.0,-177.0
22.179,2484.0,1305.0,-177.0
22.22,2638.0,1284.0,-456.0
22.231,2638.0,1284.0,-456.0
22.233,2638.0,1284.0,-456.0
22.254,2638.0,1284.0,-456.0
22.321,2638.0,1284.0,-456.0
22.329,2638.0,1284.0,-456.0
22.332,2813.0,1206.0,-658.0
22.408,2989.0,1153.0,-175.0
22.441,2989.0,1153.0,-175.0
22.52,3175.0,1082.0,164.0
22.545,3175.0,1082.0,164.0
22.546,3175.0,1082.0,164.0
22.554,3175.0,1082.0,164.0
22.633,3353.0,986.0,392.0
22.704,3353.0,986.0,392.0
22.741,3353.0,986.0,392.0
22.745,3533.0,878.0,-17.0
22.821,3683.0,800.0,-342.0
22.854,3683.0,800.0,-342.0
22.861,3683.0,800.0,-342.0
22.933,3837.0,756.0,-580.0
23.004,3837.0,756.0,-580.0
23.007,3986.0,733.0,-147.0
23.041,3986.0,733.0,-147.0
23.12,4131.0,655.0,171.0
23.13,4131.0,655.0,171.0
23.153,4131.0,655.0,171.0
23.229,4131.0,655.0,171.0
23.233,4284.0,609.0,420.0
23.308,4440.0,588.0,598.0
23.341,4440.0,588.0,598.0
23.355,4440.0,588.0,598.0
23.356,4440.0,588.0,598.0
23.357,4440.0,588.0,598.0
23.4,4440.0,588.0,598.0
23.401,4440.0,588.0,598.0
23.42,4595.0,527.0,728.0
23.445,4595.0,527.0,728.0
23.446,4595.0,527.0,728.0
23.454,4595.0,527.0,728.0
23.529,4595.0,527.0,728.0
23.533,4694.0,372.0,844.0
23.608,4819.0,296.0,953.0
23.625,4819.0,296.0,953.0
23.626,4819.0,296.0,953.0
23.627,4819.0,296.0,953.0
23.641,4819.0,296.0,953.0
23.715,4819.0,296.0,953.0
23.72,4839.0,137.0,878.0
23.754,4839.0,137.0,878.0
23.829,4839.0,137.0,878.0
23.832,4946.0,97.0,981.0
23.895,4946.0,97.0,981.0
23.897,4946.0,97.0,981.0
23.899,4946.0,97.0,981.0
23.908,5073.0,-40.0,1037.0
23.94,5073.0,-40.0,1037.0
23.941,5073.0,-40.0,1037.0
23.985,5073.0,-40.0,1037.0
24.02,5221.0,59.0,476.0
24.055,5221.0,59.0,476.0
24.133,5383.0,126.0,691.0
24.167,5383.0,126.0,691.0
24.207,5662.0,190.0,872.0
24.241,5662.0,190.0,872.0
24.32,5790.0,271.0,986.0
24.354,5790.0,271.0,986.0
24.429,5790.0,271.0,986.0
24.433,5799.0,231.0,1033.0
24.48,5799.0,231.0,1033.0
24.481,5799.0,231.0,1033.0
24.483,5799.0,231.0,1033.0
24.508,5797.0,187.0,1079.0
24.525,5797.0,187.0,1079.0
24.542,5797.0,187.0,1079.0
24.57,5797.0,187.0,1079.0
24.62,5879.0,252.0,1146.0
24.654,5879.0,252.0,1146.0
24.729,5879.0,252.0,1146.0
24.732,6070.0,308.0,1232.0
24.795,6070.0,308.0,1232.0
24.807,6161.0,378.0,1289.0
24.841,6161.0,378.0,1289.0
24.92,6156.0,441.0,1332.0
24.954,6156.0,441.0,1332.0
25.022,6156.0,441.0,1332.0
25.029,6156.0,441.0,1332.0
25.033,6297.0,501.0,1363.0
25.065,6297.0,501.0,1363.0
25.066,6297.0,501.0,1363.0
25.108,6237.0,597.0,1354.0
25.114,6237.0,597.0,1354.0
25.142,6237.0,597.0,1354.0
25.22,6186.0,688.0,1337.0
25.254,6186.0,688.0,1337.0
25.29,6186.0,688.0,1337.0
25.291,6186.0,688.0,1337.0
25.292,6186.0,688.0,1337.0
25.329,6186.0,688.0,1337.0
25.332,6124.0,827.0,1324.0
25.38,6124.0,827.0,1324.0
25.381,6124.0,827.0,1324.0
25.445,6101.0,954.0,1303.0
25.479,6101.0,954.0,1303.0
25.521,6087.0,1091.0,1278.0
25.553,6087.0,1091.0,1278.0
25.56,6087.0,1091.0,1278.0
25.562,6087.0,1091.0,1278.0
25.605,6087.0,1091.0,1278.0
25.606,6087.0,1091.0,1278.0
25.629,6087.0,1091.0,1278.0
25.632,6076.0,1212.0,1269.0
25.651,6076.0,1212.0,1269.0
25.741,6076.0,1212.0,1269.0
25.745,6106.0,1307.0,1264.0
25.821,6108.0,1408.0,1309.0
25.892,6108.0,1408.0,1309.0
25.92,6108.0,1408.0,1309.0
25.929,6108.0,1408.0,1309.0
25.933,6143.0,1548.0,1330.0
25.965,6143.0,1548.0,1330.0
25.966,6143.0,1548.0,1330.0
26.008,6131.0,1719.0,1313.0
26.117,6131.0,1719.0,1313.0
26.12,6097.0,1840.0,680.0
26.146,6097.0,1840.0,680.0
26.154,6097.0,1840.0,680.0
26.229,6097.0,1840.0,680.0
26.232,6077.0,2010.0,210.0
26.307,6022.0,2176.0,-150.0
26.342,6022.0,2176.0,-150.0
26.421,5988.0,2244.0,150.0
26.454,5988.0,2244.0,150.0
26.529,5988.0,2244.0,150.0
26.533,5934.0,2355.0,-212.0
26.608,5894.0,2495.0,-430.0
26.642,5894.0,2495.0,-430.0
26.685,5894.0,2495.0,-430.0
26.687,5894.0,2495.0,-430.0
26.72,5852.0,2533.0,-32.0
26.733,5852.0,2533.0,-32.0
26.754,5852.0,2533.0,-32.0
26.775,5852.0,2533.0,-32.0
26.776,5852.0,2533.0,-32.0
26.833,5791.0,2629.0,-313.0
26.867,5791.0,2629.0,-313.0
26.907,5746.0,2861.0,-547.0
26.942,5746.0,2861.0,-547.0
26.956,5746.0,2861.0,-547.0
26.957,5746.0,2861.0,-547.0
27.02,5718.0,2841.0,-120.0
27.046,5718.0,2841.0,-120.0
27.054,5718.0,2841.0,-120.0
27.13,5718.0,2841.0,-120.0
27.132,5682.0,2869.0,211.0
27.226,5682.0,2869.0,211.0
27.227,5682.0,2869.0,211.0
27.245,5515.0,3278.0,28.0
27.271,5515.0,3278.0,28.0
27.278,5515.0,3278.0,28.0
27.321,5529.0,3129.0,334.0
27.354,5529.0,3129.0,334.0
27.433,5484.0,3233.0,-76.0
27.467,5484.0,3233.0,-76.0
27.541,5484.0,3233.0,-76.0
27.544,5409.0,3056.0,248.0
27.621,5293.0,2992.0,-113.0
27.631,5293.0,2992.0,-113.0
27.653,5293.0,2992.0,-113.0
27.729,5293.0,2992.0,-113.0
27.733,5192.0,2869.0,-404.0
27.808,5064.0,2782.0,-627.0
27.81,5064.0,2782.0,-627.0
27.811,5064.0,2782.0,-627.0
27.842,5064.0,2782.0,-627.0
27.9,5064.0,2782.0,-627.0
27.92,4847.0,2874.0,-693.0
27.954,4847.0,2874.0,-693.0
28.029,4847.0,2874.0,-693.0
28.032,4756.0,2687.0,-203.0
28.107,4493.0,2977.0,-236.0
28.141,4493.0,2977.0,-236.0
28.22,4416.0,2773.0,130.0
28.254,4416.0,2773.0,130.0
28.26,4416.0,2773.0,130.0
28.261,4416.0,2773.0,130.0
28.305,4416.0,2773.0,130.0
28.306,4416.0,2773.0,130.0
28.33,4416.0,2773.0,130.0
28.333,4312.0,2536.0,394.0
28.35,4312.0,2536.0,394.0
28.351,4312.0,2536.0,394.0
28.352,4312.0,2536.0,394.0
28.408,4021.0,2741.0,204.0
28.479,4021.0,2741.0,204.0
28.52,3927.0,2535.0,-179.0
28.554,3927.0,2535.0,-179.0
28.629,3927.0,2535.0,-179.0
28.633,3824.0,2327.0,139.0
28.708,3715.0,2148.0,406.0
28.779,3715.0,2148.0,406.0
28.82,3589.0,2009.0,626.0
28.854,3589.0,2009.0,626.0
28.89,3589.0,2009.0,626.0
28.891,3589.0,2009.0,626.0
28.893,3589.0,2009.0,626.0
28.929,3589.0,2009.0,626.0
28.933,3461.0,1912.0,796.0
28.981,3461.0,1912.0,796.0
29.008,3318.0,1765.0,294.0
29.042,3318.0,1765.0,294.0
29.12,3172.0,1644.0,-74.0
29.191,3172.0,1644.0,-74.0
29.205,3172.0,1644.0,-74.0
29.206,3172.0,1644.0,-74.0
29.207,3172.0,1644.0,-74.0
29.229,3172.0,1644.0,-74.0
29.233,3042.0,1508.0,161.0
29.25,3042.0,1508.0,161.0
29.251,3042.0,1508.0,161.0
29.252,3042.0,1508.0,161.0
29.295,3042.0,1508.0,161.0
29.296,3042.0,1508.0,161.0
29.341,3042.0,1508.0,161.0
29.345,2875.0,1424.0,-197.0
29.458,2645.0,1338.0,-573.0
29.475,2645.0,1338.0,-573.0
29.476,2645.0,1338.0,-573.0
29.477,2645.0,1338.0,-573.0
29.492,2645.0,1338.0,-573.0
29.521,2645.0,1338.0,-573.0
29.529,2645.0,1338.0,-573.0
29.532,2521.0,1267.0,-750.0
29.607,2399.0,1182.0,-900.0
29.641,2399.0,1182.0,-900.0
29.72,2293.0,1107.0,-976.0
29.754,2293.0,1107.0,-976.0
29.829,2293.0,1107.0,-976.0
29.833,2061.0,1045.0,-1157.0
29.908,1839.0,967.0,-1260.0
29.942,1839.0,967.0,-1260.0
30.021,1714.0,897.0,-1270.0
30.054,1714.0,897.0,-1270.0
30.06,1714.0,897.0,-1270.0
30.129,1714.0,897.0,-1270.0
30.133,1625.0,839.0,-1261.0
30.195,1625.0,839.0,-1261.0
30.196,1625.0,839.0,-1261.0
30.197,1625.0,839.0,-1261.0
30.208,1519.0,794.0,-1260.0
30.317,1519.0,794.0,-1260.0
30.331,1519.0,794.0,-1260.0
30.354,1519.0,794.0,-1260.0
30.359,1424.0,759.0,-1238.0
30.467,1424.0,759.0,-1238.0
30.471,1323.0,707.0,-1258.0
30.508,1230.0,708.0,-1267.0
30.51,1230.0,708.0,-1267.0
30.6,1230.0,708.0,-1267.0
30.617,1230.0,708.0,-1267.0
30.62,1141.0,725.0,-1270.0
30.645,1141.0,725.0,-1270.0
30.646,1141.0,725.0,-1270.0
30.647,1141.0,725.0,-1270.0
30.691,1141.0,725.0,-1270.0
30.729,1141.0,725.0,-1270.0
30.732,1060.0,722.0,-1305.0
30.842,1060.0,722.0,-1305.0
30.846,903.0,741.0,-1412.0
30.87,903.0,741.0,-1412.0
30.871,903.0,741.0,-1412.0
30.915,903.0,741.0,-1412.0
30.92,791.0,728.0,-1422.0
30.954,791.0,728.0,-1422.0
31.029,791.0,728.0,-1422.0
31.033,765.0,704.0,-1390.0
31.095,765.0,704.0,-1390.0
31.108,790.0,784.0,-1477.0
31.14,790.0,784.0,-1477.0
31.141,790.0,784.0,-1477.0
31.179,790.0,784.0,-1477.0
31.185,790.0,784.0,-1477.0
31.187,790.0,784.0,-1477.0
31.22,785.0,772.0,-1465.0
31.254,785.0,772.0,-1465.0
31.275,785.0,772.0,-1465.0
31.33,785.0,772.0,-1465.0
31.333,775.0,763.0,-1494.0
31.407,757.0,744.0,-1498.0
31.41,757.0,744.0,-1498.0
31.441,757.0,744.0,-1498.0
31.455,757.0,744.0,-1498.0
31.501,757.0,744.0,-1498.0
31.52,713.0,715.0,-1509.0
31.554,713.0,715.0,-1509.0
31.629,713.0,715.0,-1509.0
31.633,716.0,665.0,-1466.0
31.635,716.0,665.0,-1466.0
31.636,716.0,665.0,-1466.0
31.637,716.0,665.0,-1466.0
31.708,714.0,617.0,-1451.0
31.726,714.0,617.0,-1451.0
31.742,714.0,617.0,-1451.0
31.77,714.0,617.0,-1451.0
31.82,730.0,594.0,-1431.0
31.854,730.0,594.0,-1431.0
31.906,730.0,594.0,-1431.0
31.929,730.0,594.0,-1431.0
31.932,714.0,556.0,-1397.0
32.008,699.0,509.0,-1339.0
32.079,699.0,509.0,-1339.0
32.12,695.0,481.0,-1323.0
32.176,695.0,481.0,-1323.0
32.191,695.0,481.0,-1323.0
32.22,695.0,481.0,-1323.0
32.229,695.0,481.0,-1323.0
32.233,693.0,452.0,-1306.0
32.308,699.0,455.0,-1328.0
32.341,699.0,455.0,-1328.0
32.4,699.0,455.0,-1328.0
32.421,689.0,445.0,-1330.0
32.454,689.0,445.0,-1330.0
32.529,689.0,445.0,-1330.0
32.533,689.0,453.0,-1331.0
32.535,689.0,453.0,-1331.0
32.582,689.0,453.0,-1331.0
32.583,689.0,453.0,-1331.0
32.608,682.0,455.0,-1349.0
32.625,682.0,455.0,-1349.0
32.626,682.0,455.0,-1349.0
32.641,682.0,455.0,-1349.0
32.67,682.0,455.0,-1349.0
32.72,671.0,444.0,-1343.0
32.761,671.0,444.0,-1343.0
32.792,671.0,444.0,-1343.0
32.805,671.0,444.0,-1343.0
32.806,671.0,444.0,-1343.0
32.829,671.0,444.0,-1343.0
32.833,669.0,441.0,-1334.0
32.85,669.0,441.0,-1334.0
32.908,681.0,486.0,-1390.0
32.94,681.0,486.0,-1390.0
32.941,681.0,486.0,-1390.0
32.942,681.0,486.0,-1390.0
32.985,681.0,486.0,-1390.0
33.021,689.0,492.0,-1362.0
33.03,689.0,492.0,-1362.0
33.031,689.0,492.0,-1362.0
33.032,689.0,492.0,-1362.0
33.054,689.0,492.0,-1362.0
33.075,689.0,492.0,-1362.0
33.12,689.0,492.0,-1362.0
33.121,689.0,492.0,-1362.0
33.122,689.0,492.0,-1362.0
33.129,689.0,492.0,-1362.0
33.133,687.0,514.0,-1412.0
33.165,687.0,514.0,-1412.0
33.166,687.0,514.0,-1412.0
33.208,673.0,526.0,-1411.0
33.216,673.0,526.0,-1411.0
33.242,673.0,526.0,-1411.0
33.255,673.0,526.0,-1411.0
33.256,673.0,526.0,-1411.0
33.3,673.0,526.0,-1411.0
33.301,673.0,526.0,-1411.0
33.321,673.0,539.0,-1374.0
33.345,673.0,539.0,-1374.0
33.354,673.0,539.0,-1374.0
33.39,673.0,539.0,-1374.0
33.391,673.0,539.0,-1374.0
33.429,673.0,539.0,-1374.0
33.433,685.0,584.0,-1391.0
33.542,685.0,584.0,-1391.0
33.546,759.0,639.0,-1291.0
33.57,759.0,639.0,-1291.0
33.615,759.0,639.0,-1291.0
33.616,759.0,639.0,-1291.0
33.62,769.0,721.0,-1285.0
33.654,769.0,721.0,-1285.0
33.661,769.0,721.0,-1285.0
33.729,769.0,721.0,-1285.0
33.732,784.0,771.0,-1259.0
33.808,802.0,803.0,-1245.0
33.842,802.0,803.0,-1245.0
33.885,802.0,803.0,-1245.0
33.887,802.0,803.0,-1245.0
33.888,802.0,803.0,-1245.0
33.92,837.0,856.0,-1237.0
33.93,837.0,856.0,-1237.0
33.931,837.0,856.0,-1237.0
33.954,837.0,856.0,-1237.0
33.976,837.0,856.0,-1237.0
34.032,846.0,900.0,-1236.0
34.066,846.0,900.0,-1236.0
34.107,905.0,958.0,-1236.0
34.179,905.0,958.0,-1236.0
34.2,905.0,958.0,-1236.0
34.22,920.0,977.0,-1271.0
34.246,920.0,977.0,-1271.0
34.247,920.0,977.0,-1271.0
34.248,920.0,977.0,-1271.0
34.254,920.0,977.0,-1271.0
34.29,920.0,977.0,-1271.0
34.291,920.0,977.0,-1271.0
34.329,920.0,977.0,-1271.0
34.333,973.0,977.0,-1300.0
34.38,973.0,977.0,-1300.0
34.408,1012.0,992.0,-1332.0
34.441,1012.0,992.0,-1332.0
34.47,1012.0,992.0,-1332.0
34.471,1012.0,992.0,-1332.0
34.472,1012.0,992.0,-1332.0
34.516,1012.0,992.0,-1332.0
34.52,1018.0,1003.0,-1356.0
34.56,1018.0,1003.0,-1356.0
34.561,1018.0,1003.0,-1356.0
34.592,1018.0,1003.0,-1356.0
34.605,1018.0,1003.0,-1356.0
34.633,1037.0,1010.0,-1363.0
34.695,1037.0,1010.0,-1363.0
34.696,1037.0,1010.0,-1363.0
34.697,1037.0,1010.0,-1363.0
34.704,1037.0,1010.0,-1363.0
34.708,1099.0,1021.0,-1344.0
34.779,1099.0,1021.0,-1344.0
34.82,1169.0,1041.0,-1315.0
34.854,1169.0,1041.0,-1315.0
34.92,1169.0,1041.0,-1315.0
34.929,1169.0,1041.0,-1315.0
34.932,1124.0,414.0,-1317.0
34.967,1124.0,414.0,-1317.0
34.968,1124.0,414.0,-1317.0
35.008,1229.0,619.0,-1270.0
35.011,1229.0,619.0,-1270.0
35.042,1229.0,619.0,-1270.0
35.055,1229.0,619.0,-1270.0
35.1,1229.0,619.0,-1270.0
35.101,1229.0,619.0,-1270.0
35.12,1317.0,784.0,-1265.0
35.145,1317.0,784.0,-1265.0
35.154,1317.0,784.0,-1265.0
35.19,1317.0,784.0,-1265.0
35.191,1317.0,784.0,-1265.0
35.192,1317.0,784.0,-1265.0
35.229,1317.0,784.0,-1265.0
35.232,1395.0,874.0,-597.0
35.282,1395.0,874.0,-597.0
35.283,1395.0,874.0,-597.0
35.284,1395.0,874.0,-597.0
35.307,1429.0,962.0,-806.0
35.325,1429.0,962.0,-806.0
35.342,1429.0,962.0,-806.0
35.37,1429.0,962.0,-806.0
35.371,1429.0,962.0,-806.0
35.372,1429.0,962.0,-806.0
35.415,1429.0,962.0,-806.0
35.416,1429.0,962.0,-806.0
35.42,1485.0,1002.0,-985.0
35.454,1485.0,1002.0,-985.0
35.46,1485.0,1002.0,-985.0
35.529,1485.0,1002.0,-985.0
35.533,1534.0,1081.0,-1068.0
35.553,1534.0,1081.0,-1068.0
35.595,1534.0,1081.0,-1068.0
35.596,1534.0,1081.0,-1068.0
35.597,1534.0,1081.0,-1068.0
35.607,1579.0,1136.0,-1134.0
35.64,1579.0,1136.0,-1134.0
35.641,1579.0,1136.0,-1134.0
35.679,1579.0,1136.0,-1134.0
35.685,1579.0,1136.0,-1134.0
35.72,1632.0,1183.0,-1192.0
35.754,1632.0,1183.0,-1192.0
35.829,1632.0,1183.0,-1192.0
35.832,1711.0,1123.0,-1243.0
35.907,1733.0,1161.0,-1389.0
35.941,1733.0,1161.0,-1389.0
36.02,1877.0,1199.0,-1375.0
36.053,1877.0,1199.0,-1375.0
36.129,1877.0,1199.0,-1375.0
36.133,1974.0,1244.0,-1412.0
36.136,1974.0,1244.0,-1412.0
36.137,1974.0,1244.0,-1412.0
36.18,1974.0,1244.0,-1412.0
36.208,2029.0,1269.0,-1483.0
36.279,2029.0,1269.0,-1483.0
36.315,2029.0,1269.0,-1483.0
36.321,2159.0,1275.0,-1427.0
36.355,2159.0,1275.0,-1427.0
36.429,2159.0,1275.0,-1427.0
36.433,2360.0,1096.0,-1333.0
36.508,2432.0,1070.0,-1417.0
36.541,2432.0,1070.0,-1417.0
36.586,2432.0,1070.0,-1417.0
36.62,2503.0,1106.0,-1420.0
36.691,2503.0,1106.0,-1420.0
36.729,2503.0,1106.0,-1420.0
36.733,2563.0,1160.0,-1398.0
36.808,2639.0,1223.0,-1357.0
36.842,2639.0,1223.0,-1357.0
36.92,2718.0,1258.0,-1413.0
36.954,2718.0,1258.0,-1413.0
37.032,2792.0,1280.0,-1412.0
37.067,2792.0,1280.0,-1412.0
37.108,2910.0,1294.0,-1405.0
37.141,2910.0,1294.0,-1405.0
37.22,3003.0,1299.0,-1394.0
37.254,3003.0,1299.0,-1394.0
37.329,3003.0,1299.0,-1394.0
37.441,3003.0,1299.0,-1394.0
37.445,3074.0,1319.0,-1368.0
37.446,3153.0,1320.0,-720.0
37.52,3218.0,1344.0,-252.0
37.553,3218.0,1344.0,-252.0
37.629,3218.0,1344.0,-252.0
37.708,3290.0,1332.0,102.0
37.708,3385.0,1317.0,329.0
37.742,3385.0,1317.0,329.0
37.82,3457.0,1316.0,41.0
37.854,3457.0,1316.0,41.0
37.928,3457.0,1316.0,41.0
37.932,3542.0,1316.0,-285.0
38.042,3542.0,1316.0,-285.0
38.045,3598.0,1343.0,64.0
38.12,3631.0,1358.0,339.0
38.154,3631.0,1358.0,339.0
38.16,3631.0,1358.0,339.0
38.229,3631.0,1358.0,339.0
38.232,3647.0,1365.0,500.0
38.308,3665.0,1377.0,650.0
38.379,3665.0,1377.0,650.0
38.421,3682.0,1370.0,759.0
38.454,3682.0,1370.0,759.0
38.529,3682.0,1370.0,759.0
38.533,3692.0,1392.0,864.0
38.608,3695.0,1395.0,909.0
38.641,3695.0,1395.0,909.0
38.72,3717.0,1379.0,981.0
38.754,3717.0,1379.0,981.0
38.829,3717.0,1379.0,981.0
38.833,3718.0,1297.0,1059.0
38.908,3778.0,1306.0,1152.0
38.926,3778.0,1306.0,1152.0
38.927,3778.0,1306.0,1152.0
38.928,3778.0,1306.0,1152.0
38.942,3778.0,1306.0,1152.0
39.02,3766.0,1319.0,1115.0
39.054,3766.0,1319.0,1115.0
39.129,3766.0,1319.0,1115.0
39.133,3765.0,1320.0,1151.0
39.208,3723.0,1342.0,1204.0
39.242,3723.0,1342.0,1204.0
39.321,3695.0,1306.0,1241.0
39.354,3695.0,1306.0,1241.0
39.429,3695.0,1306.0,1241.0
39.433,3662.0,1310.0,1288.0
39.465,3662.0,1310.0,1288.0
39.508,3625.0,1292.0,1299.0
39.541,3625.0,1292.0,1299.0
39.62,3602.0,1277.0,1306.0
39.654,3602.0,1277.0,1306.0
39.729,3602.0,1277.0,1306.0
39.733,3590.0,1261.0,1342.0
39.808,3593.0,1253.0,1349.0
39.842,3593.0,1253.0,1349.0
39.92,3617.0,1242.0,1368.0
39.954,3617.0,1242.0,1368.0
40.029,3617.0,1242.0,1368.0
40.033,3640.0,1237.0,1354.0
40.108,3672.0,1223.0,1371.0
40.141,3672.0,1223.0,1371.0
40.254,3672.0,1223.0,1371.0
40.257,3702.0,1237.0,1323.0
40.329,3702.0,1237.0,1323.0
40.333,3715.0,1258.0,1269.0
40.408,3744.0,1230.0,1290.0
40.442,3744.0,1230.0,1290.0
40.554,3744.0,1230.0,1290.0
40.557,3749.0,1289.0,1299.0
40.629,3749.0,1289.0,1299.0
40.633,3789.0,1268.0,1296.0
40.745,3832.0,1250.0,1290.0
40.779,3832.0,1250.0,1290.0
40.82,3867.0,1219.0,1265.0
40.854,3867.0,1219.0,1265.0
40.929,3867.0,1219.0,1265.0
40.932,3867.0,1216.0,1249.0
41.008,3875.0,1210.0,1293.0
41.042,3875.0,1210.0,1293.0
41.12,3864.0,1209.0,1285.0
41.155,3864.0,1209.0,1285.0
41.229,3864.0,1209.0,1285.0
41.233,3842.0,1209.0,1288.0
41.308,3842.0,1203.0,1271.0
41.379,3842.0,1203.0,1271.0
41.42,3853.0,1182.0,1296.0
41.454,3853.0,1182.0,1296.0
41.529,3853.0,1182.0,1296.0
41.532,3851.0,1187.0,1245.0
41.608,3852.0,1186.0,1234.0
41.642,3852.0,1186.0,1234.0
41.72,3897.0,1190.0,1273.0
41.754,3897.0,1190.0,1273.0
41.829,3897.0,1190.0,1273.0
41.832,3932.0,1169.0,1290.0
41.908,3996.0,1176.0,1328.0
41.942,3996.0,1176.0,1328.0
42.02,4068.0,1183.0,1301.0
42.054,4068.0,1183.0,1301.0
42.133,4145.0,1164.0,1301.0
42.167,4145.0,1164.0,1301.0
42.208,4229.0,1165.0,1275.0
42.242,4229.0,1165.0,1275.0
42.32,4315.0,1199.0,1275.0
42.354,4315.0,1199.0,1275.0
42.429,4315.0,1199.0,1275.0
42.47,4374.0,1240.0,1245.0
42.507,4473.0,1245.0,1245.0
42.542,4473.0,1245.0,1245.0
42.62,4595.0,1239.0,1312.0
42.653,4595.0,1239.0,1312.0
42.729,4595.0,1239.0,1312.0
42.733,4637.0,1240.0,1279.0
42.846,4667.0,1238.0,1207.0
42.879,4667.0,1238.0,1207.0
42.92,4711.0,1238.0,1187.0
42.954,4711.0,1238.0,1187.0
43.029,4711.0,1238.0,1187.0
43.033,4767.0,1252.0,1207.0
43.108,4876.0,1270.0,1301.0
43.141,4876.0,1270.0,1301.0
43.22,4949.0,1257.0,1365.0
43.291,4949.0,1257.0,1365.0
43.329,4949.0,1257.0,1365.0
43.408,4978.0,1278.0,1460.0
43.408,5044.0,1255.0,1472.0
43.442,5044.0,1255.0,1472.0
43.521,5108.0,1196.0,1459.0
43.554,5108.0,1196.0,1459.0
43.629,5108.0,1196.0,1459.0
43.633,5171.0,1162.0,1418.0
43.708,5235.0,1154.0,1405.0
43.742,5235.0,1154.0,1405.0
43.854,5235.0,1154.0,1405.0
43.858,5299.0,1158.0,1401.0
43.929,5299.0,1158.0,1401.0
43.932,5358.0,1144.0,1404.0
44.008,5384.0,1148.0,1363.0
44.041,5384.0,1148.0,1363.0
44.12,5422.0,1107.0,1406.0
44.154,5422.0,1107.0,1406.0
44.229,5422.0,1107.0,1406.0
44.232,5198.0,600.0,1154.0
44.341,5198.0,600.0,1154.0
44.345,5208.0,792.0,1201.0
44.42,5314.0,954.0,1330.0
44.454,5314.0,954.0,1330.0
44.529,5314.0,954.0,1330.0
44.532,5321.0,1091.0,1359.0
44.607,5309.0,1159.0,1431.0
44.642,5309.0,1159.0,1431.0
44.72,5335.0,1242.0,1447.0
44.754,5335.0,1242.0,1447.0
44.829,5335.0,1242.0,1447.0
44.833,5371.0,1269.0,1459.0
44.908,5401.0,1321.0,1433.0
44.941,5401.0,1321.0,1433.0
45.02,5444.0,1296.0,1405.0
45.054,5444.0,1296.0,1405.0
45.129,5444.0,1296.0,1405.0
45.17,5450.0,1248.0,1418.0
45.208,5451.0,1119.0,1455.0
45.241,5451.0,1119.0,1455.0
45.32,5467.0,1105.0,1396.0
45.354,5467.0,1105.0,1396.0
45.429,5467.0,1105.0,1396.0
45.433,5437.0,1162.0,1429.0
45.508,5390.0,1142.0,1481.0
45.542,5390.0,1142.0,1481.0
45.62,5344.0,1171.0,1542.0
45.654,5344.0,1171.0,1542.0
45.729,5344.0,1171.0,1542.0
45.733,5269.0,1178.0,1551.0
45.808,5231.0,1125.0,1537.0
45.841,5231.0,1125.0,1537.0
45.92,5122.0,1185.0,1600.0
45.954,5122.0,1185.0,1600.0
46.029,5122.0,1185.0,1600.0
46.032,5032.0,1150.0,1600.0
46.108,4921.0,1084.0,1580.0
46.141,4921.0,1084.0,1580.0
46.22,4860.0,998.0,1607.0
46.254,4860.0,998.0,1607.0
46.329,4860.0,998.0,1607.0
46.333,4623.0,1177.0,1655.0
46.408,4489.0,1130.0,1631.0
46.441,4489.0,1130.0,1631.0
46.52,4392.0,957.0,1600.0
46.554,4392.0,957.0,1600.0
46.629,4392.0,957.0,1600.0
46.633,4297.0,794.0,1583.0
46.707,4220.0,743.0,1544.0
46.742,4220.0,743.0,1544.0
46.82,4145.0,687.0,1520.0
46.855,4145.0,687.0,1520.0
46.929,4145.0,687.0,1520.0
46.933,4062.0,696.0,1488.0
47.008,3978.0,682.0,1451.0
47.117,3978.0,682.0,1451.0
47.12,3916.0,699.0,1415.0
47.154,3916.0,699.0,1415.0
47.229,3916.0,699.0,1415.0
47.233,3826.0,716.0,1369.0
47.308,3742.0,724.0,1398.0
47.379,3742.0,724.0,1398.0
47.42,3679.0,678.0,1440.0
47.454,3679.0,678.0,1440.0
47.529,3679.0,678.0,1440.0
47.533,3722.0,784.0,680.0
47.607,3750.0,816.0,967.0
47.641,3750.0,816.0,967.0
47.72,3699.0,860.0,1065.0
47.754,3699.0,860.0,1065.0
47.829,3699.0,860.0,1065.0
47.833,3663.0,1003.0,1169.0
47.942,3663.0,1003.0,1169.0
47.945,3598.0,1105.0,1187.0
48.02,3545.0,1267.0,1252.0
48.092,3545.0,1267.0,1252.0
48.129,3545.0,1267.0,1252.0
48.133,3476.0,1389.0,673.0
48.207,3379.0,1549.0,192.0
48.241,3379.0,1549.0,192.0
48.32,3310.0,1654.0,-195.0
48.354,3310.0,1654.0,-195.0
48.429,3310.0,1654.0,-195.0
48.433,3267.0,1795.0,-514.0
48.508,3198.0,1902.0,-760.0
48.542,3198.0,1902.0,-760.0
48.62,3130.0,1977.0,-872.0
48.653,3130.0,1977.0,-872.0
48.73,3130.0,1977.0,-872.0
48.77,3062.0,2003.0,-337.0
48.808,2966.0,2051.0,67.0
48.842,2966.0,2051.0,67.0
48.92,2867.0,2098.0,359.0
48.954,2867.0,2098.0,359.0
49.029,2867.0,2098.0,359.0
49.032,2779.0,2118.0,557.0
49.108,2642.0,2134.0,777.0
49.141,2642.0,2134.0,777.0
49.22,2554.0,2130.0,917.0
49.254,2554.0,2130.0,917.0
49.332,2487.0,2128.0,966.0
49.404,2487.0,2128.0,966.0
49.408,2435.0,2111.0,993.0
49.442,2435.0,2111.0,993.0
49.554,2435.0,2111.0,993.0
49.629,2435.0,2111.0,993.0
49.67,2391.0,2041.0,966.0
49.671,2347.0,1931.0,1008.0
49.817,2347.0,1931.0,1008.0
49.854,2347.0,1931.0,1008.0
49.929,2347.0,1931.0,1008.0
49.933,2285.0,1852.0,1036.0
49.934,2201.0,1807.0,1082.0
49.935,1719.0,1760.0,1402.0
50.008,1678.0,1712.0,1513.0
50.041,1678.0,1712.0,1513.0
50.12,1694.0,1625.0,1520.0
50.154,1694.0,1625.0,1520.0
50.229,1694.0,1625.0,1520.0
50.233,1722.0,1628.0,1626.0
50.308,1641.0,1521.0,1702.0
50.342,1641.0,1521.0,1702.0
50.42,1661.0,1395.0,911.0
50.454,1661.0,1395.0,911.0
50.529,1661.0,1395.0,911.0
50.532,1680.0,1291.0,353.0
50.607,1632.0,1191.0,-102.0
50.642,1632.0,1191.0,-102.0
50.754,1632.0,1191.0,-102.0
50.758,1595.0,1091.0,-433.0
50.904,1595.0,1091.0,-433.0
50.908,1523.0,1001.0,-691.0
50.909,1498.0,890.0,-845.0
50.941,1498.0,890.0,-845.0
51.02,1538.0,816.0,-908.0
51.054,1538.0,816.0,-908.0
51.132,1461.0,740.0,-1089.0
51.166,1461.0,740.0,-1089.0
51.208,1434.0,701.0,-1132.0
51.32,1376.0,708.0,-1158.0
51.392,1376.0,708.0,-1158.0
51.393,1376.0,708.0,-1158.0
51.429,1376.0,708.0,-1158.0
51.433,1331.0,745.0,-1212.0
51.617,1331.0,745.0,-1212.0
51.654,1331.0,745.0,-1212.0
51.658,1286.0,829.0,-1292.0
51.658,1249.0,890.0,-1316.0
51.732,1228.0,1013.0,-1384.0
51.807,1137.0,1068.0,-1344.0
51.841,1137.0,1068.0,-1344.0
51.921,1098.0,1102.0,-1350.0
51.954,1098.0,1102.0,-1350.0
52.029,1098.0,1102.0,-1350.0
52.033,1064.0,1142.0,-1381.0
52.108,1196.0,1530.0,-1487.0
52.142,1196.0,1530.0,-1487.0
52.22,1138.0,1521.0,-1429.0
52.254,1138.0,1521.0,-1429.0
52.37,1054.0,1516.0,-1370.0
52.408,1002.0,1525.0,-1305.0
52.441,1002.0,1525.0,-1305.0
52.52,990.0,1530.0,-1293.0
52.592,990.0,1530.0,-1293.0
52.593,990.0,1530.0,-1293.0
52.633,976.0,1551.0,-1331.0
52.704,976.0,1551.0,-1331.0
52.707,976.0,1553.0,-1335.0
52.741,976.0,1553.0,-1335.0
52.821,974.0,1563.0,-1364.0
52.854,974.0,1563.0,-1364.0
52.932,960.0,1461.0,-1437.0
53.003,960.0,1461.0,-1437.0
53.008,969.0,1440.0,-1475.0
53.041,969.0,1440.0,-1475.0
53.154,969.0,1440.0,-1475.0
53.157,1189.0,1118.0,-1475.0
53.229,1189.0,1118.0,-1475.0
53.233,1237.0,1198.0,-1506.0
53.308,1215.0,1245.0,-1617.0
53.342,1215.0,1245.0,-1617.0
53.421,1287.0,1359.0,-1549.0
53.454,1287.0,1359.0,-1549.0
53.529,1287.0,1359.0,-1549.0
53.533,1348.0,1459.0,-1506.0
53.608,1428.0,1532.0,-1451.0
53.642,1428.0,1532.0,-1451.0
53.72,1496.0,1558.0,-1354.0
53.754,1496.0,1558.0,-1354.0
53.832,1538.0,1570.0,-1333.0
53.867,1538.0,1570.0,-1333.0
53.908,1596.0,1595.0,-676.0
53.942,1596.0,1595.0,-676.0
54.054,1596.0,1595.0,-676.0
54.058,1647.0,1544.0,-81.0
54.128,1647.0,1544.0,-81.0
54.132,1709.0,1599.0,-390.0
54.207,1773.0,1588.0,67.0
54.241,1773.0,1588.0,67.0
54.32,1836.0,1566.0,384.0
54.392,1836.0,1566.0,384.0
54.429,1836.0,1566.0,384.0
54.47,1935.0,1577.0,537.0
54.545,2009.0,1569.0,686.0
54.579,2009.0,1569.0,686.0
54.62,2079.0,1553.0,829.0
54.654,2079.0,1553.0,829.0
54.729,2079.0,1553.0,829.0
54.733,2167.0,1566.0,352.0
54.808,2239.0,1598.0,540.0
54.842,2239.0,1598.0,540.0
54.954,2239.0,1598.0,540.0
54.958,2294.0,1603.0,682.0
55.029,2294.0,1603.0,682.0
55.032,2339.0,1601.0,772.0
55.108,2369.0,1589.0,856.0
55.141,2369.0,1589.0,856.0
55.22,2389.0,1584.0,910.0
55.254,2389.0,1584.0,910.0
55.329,2389.0,1584.0,910.0
55.333,2397.0,1569.0,931.0
55.408,2411.0,1568.0,945.0
55.441,2411.0,1568.0,945.0
55.52,2413.0,1553.0,980.0
55.555,2413.0,1553.0,980.0
55.629,2413.0,1553.0,980.0
55.67,2408.0,1567.0,473.0
55.742,2408.0,1567.0,473.0
55.746,2393.0,1549.0,650.0
55.82,2388.0,1550.0,252.0
55.854,2388.0,1550.0,252.0
55.929,2388.0,1550.0,252.0
55.933,2375.0,1555.0,-73.0
56.041,2375.0,1555.0,-73.0
56.082,2345.0,1558.0,-333.0
56.12,2322.0,1560.0,-530.0
56.154,2322.0,1560.0,-530.0
56.229,2322.0,1560.0,-530.0
56.233,2291.0,1575.0,-782.0
56.308,2254.0,1599.0,-258.0
56.341,2254.0,1599.0,-258.0
56.42,2201.0,1588.0,150.0
56.491,2201.0,1588.0,150.0
56.529,2201.0,1588.0,150.0
56.533,2167.0,1586.0,455.0
56.608,2143.0,1568.0,669.0
56.641,2143.0,1568.0,669.0
56.72,2126.0,1544.0,812.0
56.754,2126.0,1544.0,812.0
56.829,2126.0,1544.0,812.0
56.832,2103.0,1511.0,277.0
56.907,2096.0,1512.0,-117.0
56.941,2096.0,1512.0,-117.0
57.02,2073.0,1472.0,-387.0
57.091,2073.0,1472.0,-387.0
57.166,2073.0,1472.0,-387.0
57.208,2074.0,1533.0,-715.0
57.209,2119.0,1474.0,-866.0
57.242,2119.0,1474.0,-866.0
57.32,2190.0,1389.0,-1006.0
57.354,2190.0,1389.0,-1006.0
57.429,2190.0,1389.0,-1006.0
57.432,2255.0,1360.0,-1105.0
57.508,2316.0,1378.0,-1209.0
57.621,2374.0,1375.0,-1179.0
57.732,2423.0,1323.0,-1187.0
57.808,2464.0,1291.0,-1201.0
57.92,2489.0,1235.0,-1267.0
58.034,2508.0,1252.0,-1317.0
58.107,2555.0,1227.0,-1330.0
58.221,2573.0,1228.0,-1283.0
58.333,2546.0,1239.0,-1251.0
58.408,2532.0,1242.0,-1282.0
58.52,2522.0,1258.0,-1269.0
58.633,2518.0,1230.0,-1287.0
58.708,2519.0,1201.0,-1276.0
58.82,2516.0,1168.0,-1274.0
58.932,2512.0,1185.0,-1291.0
59.007,2540.0,1206.0,-1296.0
59.12,2565.0,1177.0,-1298.0
59.232,2518.0,1180.0,-1512.0
59.308,2591.0,1188.0,-1514.0
59.458,2620.0,1116.0,-1529.0
59.533,2653.0,1039.0,-1507.0
59.645,2675.0,981.0,-1529.0
59.72,2682.0,936.0,-1527.0
59.87,2664.0,848.0,-1550.0
59.908,2683.0,774.0,-1530.0
60.058,2686.0,689.0,-1484.0
60.133,2699.0,634.0,-1455.0
60.207,2682.0,610.0,-1467.0
60.32,2586.0,554.0,-1577.0
60.432,2577.0,480.0,-1582.0
60.508,2585.0,416.0,-1516.0
60.62,2457.0,369.0,-1646.0
60.732,2446.0,306.0,-1587.0
60.808,2377.0,253.0,-1558.0
60.92,2285.0,223.0,-1555.0
61.033,2223.0,226.0,-1537.0
61.145,2183.0,228.0,-1459.0
61.22,2128.0,280.0,-1419.0
61.332,2058.0,323.0,-1434.0
61.408,1989.0,360.0,-1444.0
61.52,1980.0,436.0,-1399.0
61.632,1961.0,490.0,-1342.0
61.708,1926.0,532.0,-1267.0
61.82,1925.0,651.0,-1306.0
61.933,1910.0,719.0,-1287.0
62.008,1903.0,791.0,-1274.0
62.121,1892.0,843.0,-1257.0
62.233,1896.0,889.0,-1231.0
62.308,1942.0,1030.0,-1313.0
62.42,1916.0,1068.0,-1302.0
62.533,1887.0,1115.0,-1297.0
62.607,1892.0,1210.0,-1293.0
62.72,1908.0,1264.0,-1289.0
62.832,1871.0,1224.0,-823.0
62.908,1905.0,1309.0,-908.0
63.02,1887.0,1397.0,-1061.0
63.132,1879.0,1487.0,-1151.0
63.208,1915.0,1585.0,-1166.0
63.32,1932.0,1667.0,-570.0
63.433,1893.0,1795.0,-39.0
63.545,1866.0,1874.0,-328.0
63.657,1861.0,2011.0,68.0
63.733,1862.0,2072.0,-239.0
63.845,1858.0,2147.0,-489.0
63.92,1844.0,2302.0,-25.0
64.032,1804.0,2392.0,310.0
64.182,1745.0,2455.0,604.0
64.22,1706.0,2505.0,795.0
64.37,1563.0,2475.0,1025.0
64.408,1608.0,2487.0,1081.0
64.52,1464.0,2497.0,1281.0
64.632,1380.0,2484.0,1376.0
64.745,1351.0,2444.0,1377.0
64.858,1332.0,2383.0,1358.0
64.932,1313.0,2340.0,1349.0
65.007,1266.0,2304.0,1363.0
65.158,1218.0,2266.0,1407.0
65.232,1244.0,2252.0,1371.0
65.307,1287.0,2241.0,1306.0
65.42,1223.0,2231.0,1352.0
65.571,1248.0,2227.0,1306.0
65.608,1275.0,2220.0,1277.0
65.721,1283.0,2231.0,1271.0
65.833,1295.0,2239.0,1255.0
65.983,1296.0,2243.0,1263.0
66.058,1320.0,2245.0,1232.0
66.133,1330.0,2250.0,1234.0
66.358,1333.0,2241.0,1224.0
66.359,1347.0,2247.0,1198.0
66.432,1358.0,2247.0,1164.0
66.546,1384.0,2234.0,1140.0
66.62,1390.0,2244.0,1117.0
66.771,1330.0,2224.0,1187.0
66.808,1357.0,2219.0,1163.0
66.92,1377.0,2224.0,1137.0
67.07,1371.0,2226.0,1128.0
67.145,1391.0,2218.0,1092.0
67.22,1382.0,2212.0,1105.0
67.332,1373.0,2218.0,1113.0
67.445,1391.0,2231.0,1092.0
67.52,1389.0,2220.0,1110.0
67.67,1317.0,2221.0,1193.0
67.708,1346.0,2227.0,1159.0
67.933,1342.0,2224.0,1179.0
67.934,1319.0,2209.0,1183.0
68.045,1237.0,2191.0,1247.0
68.12,1207.0,2185.0,1211.0
68.27,1207.0,2169.0,1190.0
68.308,1163.0,2181.0,1212.0
68.421,1164.0,2209.0,1189.0
68.533,1058.0,2246.0,1267.0
68.645,969.0,2274.0,1345.0
68.72,1014.0,2287.0,1317.0
68.871,901.0,2276.0,1397.0
68.908,952.0,2291.0,1341.0
69.02,1027.0,2279.0,1285.0
69.133,1059.0,2310.0,1299.0
69.245,1080.0,2314.0,1318.0
69.32,1078.0,2311.0,1325.0
69.432,1130.0,2334.0,1336.0
69.507,1248.0,2341.0,1291.0
69.62,1376.0,2324.0,1259.0
69.808,1489.0,2314.0,1267.0
69.808,1630.0,2278.0,1298.0
69.92,1753.0,2254.0,1317.0
70.033,1892.0,2218.0,1311.0
70.108,2014.0,2186.0,1320.0
70.22,2108.0,2219.0,1345.0
70.333,2230.0,2161.0,1368.0
70.408,2324.0,2172.0,1351.0
70.52,2401.0,2230.0,1319.0
70.632,2496.0,2258.0,1317.0
70.708,2614.0,2231.0,1301.0
70.82,2739.0,2220.0,1309.0
70.933,2914.0,2148.0,1371.0
71.007,3054.0,2214.0,608.0
71.12,3178.0,2309.0,2.0
71.232,3305.0,2450.0,-443.0
71.308,3440.0,2497.0,-801.0
71.42,3498.0,2592.0,-903.0
71.532,3521.0,2643.0,-918.0
71.608,3588.0,2684.0,-1017.0
71.721,3632.0,2759.0,-1078.0
71.832,3687.0,2851.0,-1082.0
71.908,3797.0,2944.0,-393.0
72.02,3854.0,2975.0,88.0
72.133,3843.0,2946.0,523.0
72.207,3901.0,3018.0,782.0
72.321,3952.0,3041.0,961.0
72.433,3999.0,3106.0,1101.0
72.545,4038.0,3116.0,1204.0
72.62,4052.0,3112.0,1234.0
72.733,4083.0,3214.0,1280.0
72.807,4097.0,3263.0,1322.0
72.92,4103.0,3282.0,1339.0
73.033,4129.0,3319.0,1356.0
73.107,4147.0,3346.0,1371.0
73.22,4151.0,3344.0,1394.0
73.333,4160.0,3383.0,1368.0
73.445,4162.0,3379.0,1393.0
73.52,4263.0,3626.0,864.0
73.633,4354.0,3850.0,592.0
73.708,4311.0,3741.0,813.0
73.82,4276.0,3660.0,984.0
73.933,4250.0,3620.0,1078.0
74.045,4334.0,3814.0,642.0
74.12,4290.0,3723.0,827.0
74.233,4252.0,3641.0,986.0
74.345,4228.0,3623.0,1047.0
74.42,4315.0,3809.0,678.0
74.532,4278.0,3726.0,832.0
74.646,4240.0,3652.0,964.0
74.72,4208.0,3585.0,1050.0
74.833,4198.0,3559.0,1124.0
74.945,4199.0,3545.0,1171.0
75.02,4196.0,3528.0,1178.0
75.133,4204.0,3543.0,1181.0
75.208,4215.0,3555.0,1212.0
75.32,4284.0,3725.0,721.0
75.433,4259.0,3643.0,918.0
75.508,4230.0,3606.0,1005.0
75.62,4217.0,3534.0,1117.0
75.733,4198.0,3477.0,1191.0
75.808,4187.0,3449.0,1252.0
75.92,4183.0,3415.0,1294.0
76.032,4181.0,3361.0,1316.0
76.108,4171.0,3305.0,1361.0
76.221,4174.0,3289.0,1392.0
76.333,4166.0,3250.0,1446.0
76.445,4168.0,3229.0,1432.0
76.52,4173.0,3256.0,1429.0
76.633,4190.0,3297.0,1376.0
76.708,4201.0,3285.0,1378.0
76.82,4206.0,3328.0,1333.0
76.932,4200.0,3331.0,1328.0
77.008,4150.0,3241.0,1461.0
77.12,4158.0,3267.0,1436.0
77.232,4175.0,3279.0,1404.0
77.307,4184.0,3307.0,1380.0
77.42,4197.0,3302.0,1376.0
77.533,4152.0,3221.0,1472.0
77.607,4172.0,3260.0,1396.0
77.72,4191.0,3270.0,1367.0
77.833,4092.0,3057.0,1558.0
77.908,4070.0,3032.0,727.0
78.021,4067.0,3021.0,107.0
78.133,4057.0,2990.0,-351.0
78.207,4049.0,2962.0,-711.0
78.32,4088.0,3054.0,-823.0
78.433,4124.0,3107.0,-945.0
78.507,4102.0,3051.0,-1115.0
78.62,4129.0,3123.0,-1143.0
78.733,4154.0,3160.0,-1187.0
78.808,4121.0,3103.0,-440.0
78.92,4227.0,3324.0,-134.0
79.032,4226.0,3328.0,218.0
79.145,4178.0,3211.0,600.0
79.22,4192.0,3219.0,795.0
79.333,4201.0,3219.0,913.0
79.408,4205.0,3228.0,988.0
79.52,4211.0,3236.0,1054.0
79.632,4216.0,3239.0,1120.0
79.708,4216.0,3230.0,1168.0
79.82,4164.0,3122.0,1339.0
79.933,4173.0,3146.0,656.0
80.045,4176.0,3157.0,845.0
80.12,4191.0,3172.0,938.0
80.233,4185.0,3172.0,1048.0
80.308,4181.0,3202.0,1137.0
80.42,4176.0,3274.0,1191.0
80.532,4154.0,3335.0,1236.0
80.645,4281.0,3604.0,747.0
80.72,4192.0,3406.0,971.0
80.833,4137.0,3385.0,1060.0
80.908,4069.0,3327.0,1125.0
81.02,3990.0,3335.0,1129.0
81.17,3901.0,3340.0,1104.0
81.207,3798.0,3265.0,1135.0
81.321,3677.0,3164.0,1188.0
81.433,3563.0,3062.0,1214.0
81.583,3431.0,2992.0,1251.0
81.62,3323.0,2896.0,1260.0
81.733,3240.0,2799.0,662.0
81.845,3125.0,2740.0,165.0
81.958,3004.0,2685.0,-234.0
82.033,2933.0,2579.0,-435.0
82.108,2815.0,2442.0,-643.0
82.296,2675.0,2368.0,-191.0
82.52,2545.0,2252.0,161.0
82.521,2318.0,2152.0,533.0
82.522,2245.0,2050.0,668.0
82.633,2088.0,1959.0,908.0
82.708,2004.0,1893.0,1018.0
82.82,1877.0,1807.0,1157.0
82.933,1791.0,1717.0,1225.0
83.045,1743.0,1609.0,1173.0
83.233,1624.0,1485.0,1184.0
83.234,1523.0,1372.0,595.0
83.42,1449.0,1261.0,177.0
83.421,1355.0,1166.0,-168.0
83.608,1284.0,1073.0,-438.0
83.609,1166.0,904.0,-729.0
83.758,1028.0,856.0,-956.0
83.983,1018.0,796.0,-1061.0
83.984,1003.0,769.0,-1108.0
84.02,988.0,724.0,-1126.0
84.132,940.0,691.0,-1162.0
84.245,942.0,628.0,-1166.0
84.32,934.0,578.0,-1192.0
84.47,911.0,556.0,-1246.0
84.508,933.0,513.0,-1275.0
84.62,1012.0,493.0,-1279.0
84.733,1100.0,461.0,-1259.0
84.808,1180.0,440.0,-1261.0
84.92,1162.0,464.0,-1359.0
85.033,1238.0,463.0,-1324.0
85.108,1325.0,455.0,-1240.0
85.22,1426.0,479.0,-1238.0
85.332,1501.0,496.0,-1208.0
85.408,1610.0,572.0,-1297.0
85.521,1696.0,604.0,-1348.0
85.632,1818.0,686.0,-1434.0
85.708,1846.0,647.0,-1416.0
85.821,1896.0,630.0,-1399.0
85.933,1931.0,638.0,-1366.0
86.008,1975.0,645.0,-1338.0
86.12,2026.0,707.0,-1327.0
86.233,2080.0,758.0,-1333.0
86.307,2139.0,818.0,-1347.0
86.42,2203.0,863.0,-1304.0
86.533,2264.0,911.0,-1304.0
86.608,2328.0,948.0,-1299.0
86.72,2533.0,677.0,-1030.0
86.833,2553.0,813.0,-444.0
86.945,2601.0,914.0,18.0
87.02,2805.0,675.0,-97.0
87.133,2812.0,860.0,-420.0
87.208,2833.0,1062.0,-659.0
87.32,2862.0,1216.0,-849.0
87.433,2910.0,1299.0,-1003.0
87.508,2957.0,1435.0,-1100.0
87.62,3000.0,1541.0,-501.0
87.732,3045.0,1627.0,-68.0
87.845,3078.0,1707.0,-313.0
87.92,3116.0,1786.0,-551.0
88.033,3160.0,1853.0,-771.0
88.108,3206.0,1947.0,-902.0
88.22,3246.0,2047.0,-351.0
88.333,3385.0,2106.0,-770.0
88.408,3476.0,2025.0,-199.0
88.52,3448.0,2156.0,-400.0
88.632,3473.0,2237.0,-640.0
88.708,3486.0,2370.0,-751.0
88.82,3490.0,2485.0,-809.0
88.933,3493.0,2572.0,-868.0
89.008,3496.0,2669.0,-874.0
89.12,3518.0,2716.0,-906.0
89.233,3577.0,2752.0,-989.0
89.307,3599.0,2816.0,-1008.0
89.42,3638.0,2839.0,-1090.0
89.533,3699.0,2872.0,-1213.0
89.646,3689.0,2959.0,-1147.0
89.72,3673.0,3041.0,-1107.0
89.832,4008.0,3095.0,-135.0
89.907,4041.0,3144.0,381.0
90.02,4025.0,3189.0,693.0
90.133,4024.0,3205.0,907.0
90.245,4029.0,3224.0,1076.0
90.32,4015.0,3245.0,1158.0
90.432,4018.0,3258.0,1230.0
90.508,4036.0,3279.0,1295.0
90.62,4042.0,3298.0,1331.0
90.732,4060.0,3309.0,1367.0
90.845,4064.0,3339.0,1356.0
90.92,4201.0,3643.0,970.0
91.033,4186.0,3608.0,1075.0
91.145,4153.0,3551.0,1146.0
91.22,4147.0,3506.0,1242.0
91.333,4131.0,3472.0,1299.0
91.408,4129.0,3456.0,1329.0
91.52,4119.0,3462.0,1343.0
91.633,4120.0,3432.0,1374.0
91.708,4128.0,3398.0,1410.0
91.82,4108.0,3388.0,1383.0
91.933,4157.0,3590.0,873.0
92.045,4137.0,3530.0,1002.0
92.12,4119.0,3508.0,1090.0
92.233,4092.0,3500.0,1145.0
92.307,4088.0,3484.0,1218.0
92.42,4081.0,3477.0,1266.0
92.533,4072.0,3471.0,1300.0
92.645,4068.0,3481.0,1308.0
92.72,4076.0,3478.0,1370.0
92.833,4092.0,3496.0,1382.0
92.945,4102.0,3478.0,1402.0
93.02,4099.0,3441.0,1397.0
93.133,4096.0,3420.0,1422.0
93.245,4117.0,3419.0,1438.0
93.32,4145.0,3413.0,1495.0
93.433,4167.0,3404.0,1532.0
93.508,4141.0,3368.0,1509.0
93.62,4132.0,3350.0,1500.0
93.733,4121.0,3344.0,1464.0
93.808,4121.0,3358.0,1438.0
93.92,4118.0,3337.0,1445.0
94.032,4121.0,3314.0,1444.0
94.108,4117.0,3293.0,1431.0
94.22,4108.0,3292.0,1413.0
94.333,4217.0,3287.0,1562.0
94.408,4191.0,3275.0,1545.0
94.52,4176.0,3283.0,1535.0
94.633,4197.0,3242.0,1594.0
94.708,4196.0,3211.0,1584.0
94.82,4246.0,3199.0,1622.0
94.933,4289.0,3167.0,1649.0
95.008,4296.0,3127.0,1642.0
95.12,4317.0,3117.0,817.0
95.233,4340.0,3110.0,193.0
95.308,4346.0,3106.0,-266.0
95.42,4344.0,3101.0,-595.0
95.532,4332.0,3102.0,-834.0
95.608,4349.0,3108.0,-1048.0
95.72,4346.0,3097.0,-1198.0
95.833,4335.0,3098.0,-1286.0
95.908,4337.0,3102.0,-1373.0
96.02,4382.0,3106.0,-1454.0
96.132,4406.0,3129.0,-1511.0
96.208,4420.0,3102.0,-1584.0
96.32,4428.0,3118.0,-1645.0
96.433,4424.0,3138.0,-1663.0
96.508,4426.0,3126.0,-811.0
96.62,4408.0,3113.0,-998.0
96.733,4408.0,3130.0,-1146.0
96.845,4404.0,3140.0,-464.0
96.92,4383.0,3136.0,34.0
97.033,4374.0,3124.0,410.0
97.146,4362.0,3127.0,-68.0
97.22,4359.0,3130.0,-441.0
97.332,4334.0,3126.0,46.0
97.445,4331.0,3126.0,-367.0
97.52,4317.0,3108.0,-652.0
97.633,4307.0,3111.0,-854.0
97.707,4305.0,3105.0,-1031.0
97.82,4293.0,3109.0,-1148.0
97.933,4295.0,3115.0,-1252.0
98.045,4298.0,3125.0,-1314.0
98.12,4285.0,3117.0,-1360.0
98.233,4272.0,3110.0,-1394.0
98.345,4283.0,3107.0,-1430.0
98.42,4285.0,3118.0,-1452.0
98.533,4299.0,3124.0,-1495.0
98.645,4307.0,3137.0,-1518.0
98.72,4303.0,3124.0,-740.0
98.833,4300.0,3123.0,-939.0
98.945,4288.0,3112.0,-1082.0
99.02,4301.0,3117.0,-1194.0
99.133,4284.0,3126.0,-1249.0
99.245,4274.0,3114.0,-1316.0
99.32,4267.0,3112.0,-1357.0
99.433,4256.0,3090.0,-1392.0
99.545,4259.0,3099.0,-1412.0
99.62,4259.0,3111.0,-1433.0
99.733,4261.0,3101.0,-1469.0
99.845,4269.0,3094.0,-1493.0
99.92,4290.0,3082.0,-1546.0
100.032,4308.0,3084.0,-1566.0
100.108,4329.0,3058.0,-1626.0
100.22,4445.0,3066.0,-1768.0
100.333,4412.0,3072.0,-1733.0
100.445,4377.0,3083.0,-1673.0
100.52,4344.0,3086.0,-1623.0
100.633,4454.0,3100.0,-1748.0
100.708,4485.0,3103.0,-1782.0
100.82,4578.0,3107.0,-1887.0
100.933,4640.0,3108.0,-1952.0
101.008,4612.0,3093.0,-1940.0
101.12,4525.0,3085.0,-1845.0
101.233,4444.0,3089.0,-1738.0
101.307,4536.0,3087.0,-1840.0
101.42,4607.0,3080.0,-1934.0
101.533,4608.0,3081.0,-1940.0
101.608,4602.0,3082.0,-1945.0
101.72,4604.0,3081.0,-1949.0
101.833,4589.0,3081.0,-1945.0
101.908,4595.0,3091.0,-1942.0
102.02,4567.0,3104.0,-1891.0
102.132,4485.0,3095.0,-1808.0
102.245,4412.0,3113.0,-1700.0
102.32,4353.0,3119.0,-1644.0
102.433,4310.0,3202.0,-1624.0
102.545,4266.0,3157.0,-843.0
102.62,4252.0,3196.0,-270.0
102.732,4227.0,3208.0,179.0
102.808,4111.0,3075.0,666.0
102.92,4115.0,3169.0,222.0
103.033,4061.0,3113.0,614.0
103.108,4019.0,3142.0,920.0
103.22,4035.0,3253.0,1043.0
103.333,3905.0,3560.0,619.0
103.445,3827.0,3747.0,362.0
103.52,3753.0,3899.0,143.0
103.633,3784.0,3748.0,316.0
103.745,3819.0,3525.0,568.0
103.82,3832.0,3394.0,724.0
103.933,3710.0,3624.0,371.0
104.045,3748.0,3414.0,618.0
104.12,3616.0,3645.0,362.0
104.233,3684.0,3557.0,592.0
104.308,3720.0,3525.0,748.0
104.42,3755.0,3340.0,875.0
104.532,3761.0,3358.0,995.0
104.608,3755.0,3238.0,1110.0
104.721,3632.0,3464.0,658.0
104.833,3659.0,3293.0,844.0
104.945,3675.0,3203.0,953.0
105.02,3630.0,3052.0,1174.0
105.132,3507.0,3382.0,751.0
105.207,3558.0,3302.0,941.0
105.358,3579.0,3153.0,1112.0
105.433,3550.0,2980.0,1318.0
105.507,3604.0,2978.0,1368.0
105.62,3643.0,2981.0,1307.0
105.733,3661.0,2954.0,1308.0
105.808,3670.0,3087.0,1271.0
105.92,3689.0,3094.0,1269.0
106.033,3698.0,3078.0,1236.0
106.108,3715.0,3074.0,1275.0
106.22,3680.0,2997.0,1429.0
106.332,3698.0,2952.0,1417.0
106.408,3688.0,2986.0,1382.0
106.52,3691.0,2978.0,1361.0
106.633,3672.0,3066.0,1427.0
106.745,3678.0,3038.0,1398.0
106.82,3689.0,3031.0,1372.0
106.933,3707.0,2991.0,1374.0
107.046,3573.0,3321.0,930.0
107.12,3611.0,3217.0,1026.0
107.233,3625.0,3357.0,1080.0
107.383,3658.0,3241.0,1158.0
107.42,3569.0,3414.0,787.0
107.533,3602.0,3390.0,895.0
107.645,3643.0,3352.0,1005.0
107.72,3675.0,3379.0,1068.0
107.832,3652.0,3294.0,1223.0
107.945,3691.0,3191.0,1228.0
108.02,3709.0,3146.0,1206.0
108.133,3745.0,3082.0,1225.0
108.245,3756.0,3053.0,1245.0
108.32,3773.0,3006.0,1261.0
108.433,3786.0,2947.0,1266.0
108.545,3812.0,2924.0,1277.0
108.62,3824.0,2910.0,1271.0
108.733,3840.0,2880.0,1257.0
108.845,3864.0,2837.0,1284.0
108.92,3880.0,2819.0,1303.0
109.032,3752.0,3190.0,830.0
109.145,3794.0,3084.0,938.0
109.22,3823.0,3019.0,1024.0
109.333,3705.0,3309.0,709.0
109.445,3751.0,3183.0,846.0
109.52,3810.0,3084.0,955.0
109.633,3928.0,2888.0,1113.0
109.708,3978.0,3083.0,1175.0
109.821,4009.0,3077.0,1204.0
109.933,4034.0,3073.0,1226.0
110.045,4058.0,3052.0,1295.0
110.12,4071.0,3022.0,559.0
110.233,3979.0,2826.0,-113.0
110.345,4029.0,2906.0,-463.0
110.42,3990.0,2915.0,-919.0
110.533,3979.0,2867.0,-1235.0
110.608,4034.0,2893.0,-1352.0
110.72,4115.0,2894.0,-1467.0
110.833,4141.0,2956.0,-1497.0
110.945,4146.0,3059.0,-1474.0
111.02,4167.0,3130.0,-1523.0
111.133,4167.0,3191.0,-762.0
111.245,4160.0,3232.0,-178.0
111.32,4157.0,3265.0,235.0
111.433,4157.0,3264.0,558.0
111.545,4152.0,3277.0,801.0
111.62,4159.0,3301.0,964.0
111.732,4141.0,3314.0,1077.0
111.845,4107.0,3331.0,1122.0
111.92,4109.0,3332.0,1199.0
112.033,4097.0,3324.0,1259.0
112.145,4104.0,3337.0,1315.0
112.22,4087.0,3383.0,1265.0
112.332,4107.0,3368.0,1333.0
112.445,4107.0,3356.0,1334.0
112.52,4112.0,3387.0,1335.0
112.633,4171.0,3397.0,1436.0
112.708,4208.0,3402.0,1517.0
112.82,4167.0,3426.0,1439.0
112.933,4152.0,3438.0,1445.0
113.045,4221.0,3648.0,927.0
113.12,4191.0,3609.0,1029.0
113.233,4166.0,3583.0,1123.0
113.308,4159.0,3586.0,1194.0
113.42,4157.0,3544.0,1284.0
113.533,4143.0,3552.0,1314.0
113.608,4122.0,3529.0,1327.0
113.721,4114.0,3515.0,1352.0
113.833,4118.0,3517.0,1363.0
113.945,4242.0,3767.0,878.0
114.02,4222.0,3725.0,1014.0
114.132,4215.0,3707.0,1120.0
114.208,4200.0,3665.0,1201.0
114.32,4188.0,3642.0,1259.0
114.432,4172.0,3613.0,1289.0
114.508,4152.0,3598.0,1294.0
114.62,4145.0,3587.0,1318.0
114.733,4149.0,3592.0,1326.0
114.808,4147.0,3565.0,1333.0
114.92,4131.0,3527.0,1333.0
115.033,4137.0,3478.0,1377.0
115.108,4129.0,3446.0,1396.0
115.22,4105.0,3402.0,1436.0
115.333,4051.0,3309.0,1485.0
115.407,4019.0,3279.0,1476.0
115.52,3946.0,3291.0,1432.0
115.633,3763.0,3291.0,1581.0
115.708,3698.0,3277.0,1534.0
115.82,3594.0,3231.0,1452.0
115.933,3415.0,3198.0,1552.0
116.008,3258.0,3141.0,1610.0
116.12,3159.0,3141.0,907.0
116.233,3052.0,3132.0,369.0
116.345,2942.0,3077.0,-177.0
116.42,2885.0,3074.0,-429.0
116.533,2814.0,3042.0,-640.0
116.645,2736.0,2992.0,-794.0
116.758,2579.0,2965.0,-908.0
116.833,2399.0,2928.0,-350.0
117.095,2262.0,2911.0,6.0
117.096,2077.0,2902.0,335.0
117.133,1893.0,2881.0,595.0
117.245,1762.0,2858.0,780.0
117.321,1571.0,2842.0,1014.0
117.433,1364.0,2821.0,1167.0
117.545,1331.0,2818.0,1179.0
117.658,1210.0,2760.0,1190.0
117.733,1038.0,2744.0,1199.0
117.882,905.0,2738.0,1190.0
117.957,711.0,2731.0,1213.0
118.033,607.0,2708.0,1238.0
118.221,495.0,2741.0,1293.0
118.222,386.0,2778.0,1378.0
118.483,343.0,2841.0,1465.0
118.484,220.0,3001.0,1489.0
118.52,82.0,3086.0,1488.0
118.633,78.0,3268.0,1404.0
118.708,-113.0,3243.0,723.0
118.858,-229.0,3305.0,884.0
118.933,-205.0,3582.0,876.0
119.045,-176.0,3824.0,852.0
119.158,-219.0,3986.0,843.0
119.233,-218.0,4098.0,931.0
119.345,-317.0,4155.0,1016.0
119.42,-418.0,4112.0,1148.0
119.57,-575.0,4125.0,1187.0
119.645,-667.0,4178.0,1236.0
119.757,-667.0,4178.0,314638876.0
119.908,-667.0,4178.0,338887196.0
119.908,-667.0,4178.0,342884892.0
120.021,-667.0,4178.0,370541084.0
120.133,-667.0,4178.0,873405343.0
120.207,-667.0,4178.0,191857176.0
120.32,-667.0,4178.0,191857176.0
120.432,-861.0,4497.0,512.0
120.545,-861.0,4497.0,403702300.0
120.62,-861.0,4497.0,403702300.0
120.733,-861.0,4497.0,403702300.0
120.807,-861.0,4497.0,403702300.0
120.92,-861.0,4497.0,403702300.0
121.033,-861.0,4497.0,403702300.0
121.107,-861.0,4497.0,403702300.0
121.22,-861.0,4497.0,403702300.0
121.333,-861.0,4497.0,403702300.0
121.408,-861.0,4497.0,403702300.0
121.521,-861.0,4497.0,403702300.0
121.632,-861.0,4497.0,403702300.0
121.746,-909.0,5342.0,165.0
121.82,-909.0,5342.0,532087324.0
121.933,-909.0,5342.0,532087324.0
122.045,-909.0,5342.0,532087324.0
122.12,-935.0,6005.0,-450.0
122.233,-935.0,6005.0,-450.0
122.457,-935.0,6005.0,-450.0
122.495,-935.0,6005.0,-450.0
122.532,-935.0,6005.0,-450.0
122.645,-935.0,6005.0,-450.0
122.795,-935.0,6005.0,-450.0
122.832,-935.0,6005.0,-450.0
122.945,-935.0,6005.0,-450.0
123.058,-981.0,6857.0,-1037.0
123.133,-981.0,6857.0,-1037.0
123.283,-981.0,6857.0,-1037.0
123.507,-981.0,6857.0,-1037.0
123.957,-981.0,6857.0,-1037.0
123.995,-981.0,6857.0,-1037.0
124.145,-981.0,6857.0,-1037.0
