elapsed_time,movement_counter,player_pos_x,player_pos_y,player_pos_z,player_distance_traveled,movement_time,speed,distance_to_ball,has_posession,is_touch
0.0,0,1832.0,737.0,-1236.0,0.0,0.0,0.0,41.280746,1,1
0.042,0,1832.0,737.0,-1236.0,0.0,0.0,0.0,41.280746,1,0
0.043,0,1832.0,737.0,-1236.0,0.0,0.0,0.0,41.280746,1,0
0.087,0,1832.0,737.0,-1236.0,0.0,0.0,0.0,41.280746,1,0
0.088,0,1832.0,737.0,-1236.0,0.0,0.0,0.0,41.280746,1,0
0.116,0,1832.0,737.0,-1236.0,0.0,0.0,0.0,39.911151,1,0
0.12,1,1829.0,735.0,-1236.0,0.004,0.12,0.12,39.682364,1,0
0.131,1,1829.0,735.0,-1236.0,0.0,0.12,0.12,39.682364,1,0
0.132,1,1829.0,735.0,-1236.0,0.0,0.12,0.12,39.682364,1,0
0.176,1,1829.0,735.0,-1236.0,0.0,0.12,0.12,39.682364,1,0
0.177,1,1829.0,735.0,-1236.0,0.0,0.12,0.12,39.682364,1,0
0.189,1,1829.0,735.0,-1236.0,0.0,0.12,0.12,38.115876,1,0
0.222,1,1829.0,735.0,-1236.0,0.0,0.12,0.12,38.115876,1,0
0.229,2,1831.0,758.0,-1232.0,0.023,0.109,0.7596,40.42091,1,0
0.266,2,1831.0,758.0,-1232.0,0.0,0.109,0.7596,40.42091,1,0
0.267,2,1831.0,758.0,-1232.0,0.0,0.109,0.7596,40.42091,1,0
0.27,2,1829.0,769.0,-1216.0,0.011,0.041,0.7596,41.514576,1,0
0.311,2,1829.0,769.0,-1216.0,0.0,0.041,0.7596,41.514576,1,0
0.312,2,1829.0,769.0,-1216.0,0.0,0.041,0.7596,41.514576,1,0
0.336,2,1829.0,769.0,-1216.0,0.0,0.041,0.7596,43.014067,1,0
0.356,2,1829.0,769.0,-1216.0,0.0,0.041,0.7596,43.014067,1,0
0.357,2,1829.0,769.0,-1216.0,0.0,0.041,0.7596,43.014067,1,0
0.376,3,1833.0,766.0,-1215.0,0.005,0.106,0.3918,42.705737,1,0
0.401,3,1833.0,766.0,-1215.0,0.0,0.106,0.3918,42.705737,1,0
0.402,3,1833.0,766.0,-1215.0,0.0,0.106,0.3918,42.705737,1,0
0.491,3,1833.0,766.0,-1215.0,0.0,0.106,0.3918,42.705737,1,0
0.492,3,1833.0,766.0,-1215.0,0.0,0.106,0.3918,42.705737,1,0
0.493,3,1833.0,766.0,-1215.0,0.0,0.106,0.3918,42.705737,1,0
0.494,4,1835.0,774.0,-1205.0,0.008,0.118,0.2441,43.502873,1,0
0.536,4,1835.0,774.0,-1205.0,0.0,0.118,0.2441,43.502873,1,0
0.537,4,1835.0,774.0,-1205.0,0.0,0.118,0.2441,43.502873,1,0
0.562,4,1835.0,774.0,-1205.0,0.0,0.118,0.2441,43.214002,1,0
0.569,4,1845.0,773.0,-1179.0,0.01,0.075,0.2441,43.100116,1,0
0.581,4,1845.0,773.0,-1179.0,0.0,0.075,0.2441,43.100116,1,0
0.626,4,1845.0,773.0,-1179.0,0.0,0.075,0.2441,43.100116,1,0
0.627,4,1845.0,773.0,-1179.0,0.0,0.075,0.2441,43.100116,1,0
0.671,4,1845.0,773.0,-1179.0,0.0,0.075,0.2441,43.100116,1,0
0.672,4,1845.0,773.0,-1179.0,0.0,0.075,0.2441,43.100116,1,0
0.678,5,1840.0,766.0,-1198.0,0.009,0.109,0.3717,42.404245,1,0
0.716,5,1840.0,766.0,-1198.0,0.0,0.109,0.3717,42.404245,1,0
0.717,5,1840.0,766.0,-1198.0,0.0,0.109,0.3717,42.404245,1,0
0.761,5,1840.0,766.0,-1198.0,0.0,0.109,0.3717,42.404245,1,0
0.762,5,1840.0,766.0,-1198.0,0.0,0.109,0.3717,42.404245,1,0
0.792,6,1848.0,794.0,-1193.0,0.029,0.114,0.9158,45.200442,1,0
0.807,6,1848.0,794.0,-1193.0,0.0,0.114,0.9158,45.200442,1,0
0.808,6,1848.0,794.0,-1193.0,0.0,0.114,0.9158,45.200442,1,0
0.851,6,1848.0,794.0,-1193.0,0.0,0.114,0.9158,45.200442,1,0
0.852,6,1848.0,794.0,-1193.0,0.0,0.114,0.9158,45.200442,1,0
0.87,6,1843.0,782.0,-1186.0,0.013,0.078,0.9158,44.001023,1,0
0.897,6,1843.0,782.0,-1186.0,0.0,0.078,0.9158,44.001023,1,0
0.898,6,1843.0,782.0,-1186.0,0.0,0.078,0.9158,44.001023,1,0
0.941,6,1843.0,782.0,-1186.0,0.0,0.078,0.9158,43.400115,1,0
0.942,6,1843.0,782.0,-1186.0,0.0,0.078,0.9158,43.400115,1,0
0.943,6,1843.0,782.0,-1186.0,0.0,0.078,0.9158,43.400115,1,0
0.982,7,1840.0,786.0,-1207.0,0.005,0.112,0.3411,43.801826,1,0
0.987,7,1840.0,786.0,-1207.0,0.0,0.112,0.3411,43.801826,1,0
0.987,7,1840.0,786.0,-1207.0,0.0,0.112,0.3411,43.801826,1,0
1.011,7,1840.0,786.0,-1207.0,0.0,0.112,0.3411,42.200474,1,0
1.051,7,1840.0,786.0,-1207.0,0.0,0.112,0.3411,42.36803,1,0
1.088,8,1828.0,787.0,-1223.0,0.012,0.106,0.4075,42.552556,1,0
1.122,8,1828.0,787.0,-1223.0,0.0,0.106,0.4075,42.552556,1,0
1.123,8,1828.0,787.0,-1223.0,0.0,0.106,0.4075,42.552556,1,0
1.166,8,1828.0,787.0,-1223.0,0.0,0.106,0.4075,42.552556,1,0
1.204,8,1828.0,787.0,-1223.0,0.0,0.106,0.4075,42.819738,1,0
1.207,9,1811.0,766.0,-1247.0,0.027,0.119,0.8168,40.894621,1,0
1.211,9,1811.0,766.0,-1247.0,0.0,0.119,0.8168,40.894621,1,0
1.213,9,1811.0,766.0,-1247.0,0.0,0.119,0.8168,40.894621,1,0
1.256,9,1811.0,766.0,-1247.0,0.0,0.119,0.8168,40.894621,1,0
1.257,9,1811.0,766.0,-1247.0,0.0,0.119,0.8168,40.894621,1,0
1.282,9,1817.0,763.0,-1242.0,0.007,0.075,0.8168,40.528755,1,0
1.39,9,1817.0,763.0,-1242.0,0.0,0.075,0.8168,42.063405,1,0
1.391,9,1817.0,763.0,-1242.0,0.0,0.075,0.8168,42.063405,1,0
1.392,9,1817.0,763.0,-1242.0,0.0,0.075,0.8168,43.33359,1,0
1.393,9,1817.0,763.0,-1242.0,0.0,0.075,0.8168,43.233436,1,0
1.395,10,1797.0,761.0,-1261.0,0.02,0.113,0.517,43.158892,1,0
1.437,10,1797.0,761.0,-1261.0,0.0,0.113,0.517,43.158892,1,0
1.455,10,1765.0,763.0,-1306.0,0.032,0.06,0.517,43.747571,1,0
1.503,10,1765.0,763.0,-1306.0,0.0,0.06,0.517,44.266127,1,0
1.534,10,1765.0,763.0,-1306.0,0.0,0.06,0.517,44.72136,1,0
1.542,10,1765.0,763.0,-1306.0,0.0,0.06,0.517,45.489559,1,0
1.571,10,1765.0,763.0,-1306.0,0.0,0.06,0.517,43.914121,1,0
1.572,10,1765.0,763.0,-1306.0,0.0,0.06,0.517,43.914121,1,0
1.573,10,1765.0,763.0,-1306.0,0.0,0.06,0.517,43.914121,1,0
1.58,11,1788.0,782.0,-1277.0,0.03,0.125,1.2065,45.513185,1,0
1.61,11,1788.0,782.0,-1277.0,0.0,0.125,1.2065,44.700112,1,0
1.662,11,1788.0,782.0,-1277.0,0.0,0.125,1.2065,44.700112,1,0
1.663,11,1788.0,782.0,-1277.0,0.0,0.125,1.2065,44.700112,1,0
1.682,11,1788.0,782.0,-1277.0,0.0,0.125,1.2065,45.274717,1,0
1.693,12,1794.0,793.0,-1274.0,0.013,0.113,0.4142,46.410451,1,0
1.76,12,1794.0,771.0,-1290.0,0.022,0.067,0.4142,44.215947,1,0
1.796,12,1794.0,771.0,-1290.0,0.0,0.067,0.4142,44.215947,1,0
1.872,12,1794.0,771.0,-1290.0,0.0,0.067,0.4142,42.539629,1,0
1.882,13,1796.0,722.0,-1322.0,0.049,0.122,1.3524,37.729697,1,0
1.931,13,1796.0,722.0,-1322.0,0.0,0.122,1.3524,37.729697,1,0
1.932,13,1796.0,722.0,-1322.0,0.0,0.122,1.3524,37.729697,1,0
1.933,13,1796.0,722.0,-1322.0,0.0,0.122,1.3524,37.729697,1,0
1.976,13,1796.0,722.0,-1322.0,0.0,0.122,1.3524,37.729697,1,0
1.977,13,1796.0,722.0,-1322.0,0.0,0.122,1.3524,37.729697,1,0
1.985,14,1782.0,676.0,-1375.0,0.048,0.103,1.6777,32.966195,1,0
2.068,14,1755.0,626.0,-1397.0,0.057,0.083,1.6777,27.687542,1,0
2.088,14,1755.0,626.0,-1397.0,0.0,0.083,1.6777,29.508304,1,0
2.111,14,1755.0,626.0,-1397.0,0.0,0.083,1.6777,29.508304,1,0
2.156,14,1755.0,626.0,-1397.0,0.0,0.083,1.6777,29.508304,1,0
2.157,14,1755.0,626.0,-1397.0,0.0,0.083,1.6777,29.508304,1,0
2.163,14,1755.0,626.0,-1397.0,0.0,0.083,1.6777,29.673052,1,0
2.179,14,1755.0,626.0,-1397.0,0.0,0.083,1.6777,28.899827,1,0
2.182,15,1769.0,603.0,-1389.0,0.027,0.114,1.535,26.771066,1,0
2.215,15,1769.0,603.0,-1389.0,0.0,0.114,1.535,29.123358,1,0
2.246,15,1769.0,603.0,-1389.0,0.0,0.114,1.535,29.123358,1,0
2.247,15,1769.0,603.0,-1389.0,0.0,0.114,1.535,29.123358,1,0
2.281,15,1769.0,603.0,-1389.0,0.0,0.114,1.535,27.486906,1,0
2.291,15,1769.0,603.0,-1389.0,0.0,0.114,1.535,27.486906,1,0
2.292,15,1769.0,603.0,-1389.0,0.0,0.114,1.535,27.486906,1,0
2.294,16,1759.0,640.0,-1451.0,0.038,0.112,1.2214,31.077966,1,0
2.336,16,1759.0,640.0,-1451.0,0.0,0.112,1.2214,31.077966,1,0
2.337,16,1759.0,640.0,-1451.0,0.0,0.112,1.2214,31.077966,1,0
2.36,16,1786.0,580.0,-1397.0,0.066,0.066,1.2214,25.475675,1,0
2.403,16,1786.0,580.0,-1397.0,0.0,0.066,1.2214,29.516267,1,0
2.426,16,1786.0,580.0,-1397.0,0.0,0.066,1.2214,29.516267,1,0
2.427,16,1786.0,580.0,-1397.0,0.0,0.066,1.2214,29.516267,1,0
2.479,17,1739.0,548.0,-1413.0,0.057,0.119,2.3935,25.732858,1,0
2.516,17,1739.0,548.0,-1413.0,0.0,0.119,2.3935,24.420483,1,0
2.582,17,1739.0,548.0,-1413.0,0.0,0.119,2.3935,20.506097,1,0
2.593,18,1644.0,553.0,-1488.0,0.095,0.114,3.0,21.822007,1,0
2.606,18,1644.0,553.0,-1488.0,0.0,0.114,3.0,21.822007,1,0
2.607,18,1644.0,553.0,-1488.0,0.0,0.114,3.0,21.822007,1,0
2.609,18,1644.0,553.0,-1488.0,0.0,0.114,3.0,21.822007,1,0
2.651,18,1644.0,553.0,-1488.0,0.0,0.114,3.0,21.822007,1,0
2.652,18,1644.0,553.0,-1488.0,0.0,0.114,3.0,21.822007,1,0
2.67,18,1660.0,545.0,-1415.0,0.018,0.077,3.0,20.615528,1,0
2.704,18,1660.0,545.0,-1415.0,0.0,0.077,3.0,13.603308,1,0
2.742,18,1660.0,545.0,-1415.0,0.0,0.077,3.0,13.603308,1,0
2.743,18,1660.0,545.0,-1415.0,0.0,0.077,3.0,13.603308,1,0
2.744,18,1660.0,545.0,-1415.0,0.0,0.077,3.0,13.603308,1,0
2.787,18,1660.0,545.0,-1415.0,0.0,0.077,3.0,13.603308,1,0
2.788,18,1660.0,545.0,-1415.0,0.0,0.077,3.0,13.603308,1,0
2.815,18,1660.0,545.0,-1415.0,0.0,0.077,3.0,3.50571,1,0
2.819,19,1644.0,552.0,-1389.0,0.017,0.149,0.5575,4.427189,1,0
2.831,19,1644.0,552.0,-1389.0,0.0,0.149,0.5575,4.427189,1,0
2.832,19,1644.0,552.0,-1389.0,0.0,0.149,0.5575,4.427189,1,0
2.876,19,1644.0,552.0,-1389.0,0.0,0.149,0.5575,4.427189,1,0
2.877,19,1644.0,552.0,-1389.0,0.0,0.149,0.5575,4.427189,1,0
2.88,19,1644.0,552.0,-1389.0,0.0,0.149,0.5575,11.727319,1,0
2.895,19,1640.0,542.0,-1358.0,0.011,0.076,0.5575,11.30177,1,0
2.921,19,1640.0,542.0,-1358.0,0.0,0.076,0.5575,11.30177,1,0
2.922,19,1640.0,542.0,-1358.0,0.0,0.076,0.5575,11.30177,1,0
2.967,19,1640.0,542.0,-1358.0,0.0,0.076,0.5575,11.30177,1,0
3.002,19,1640.0,542.0,-1358.0,0.0,0.076,0.5575,15.339492,1,0
3.005,20,1657.0,517.0,-1297.0,0.03,0.11,0.7935,17.586358,1,0
3.012,20,1657.0,517.0,-1297.0,0.0,0.11,0.7935,17.586358,1,0
3.057,20,1657.0,517.0,-1297.0,0.0,0.11,0.7935,17.586358,1,0
3.058,20,1657.0,517.0,-1297.0,0.0,0.11,0.7935,17.586358,1,0
3.072,20,1622.0,514.0,-1283.0,0.035,0.067,0.7935,14.392359,1,0
3.102,20,1622.0,514.0,-1283.0,0.0,0.067,0.7935,14.392359,1,0
3.103,20,1622.0,514.0,-1283.0,0.0,0.067,0.7935,14.392359,1,0
3.115,20,1622.0,514.0,-1283.0,0.0,0.067,0.7935,25.325086,1,0
3.147,20,1622.0,514.0,-1283.0,0.0,0.067,0.7935,25.325086,1,0
3.148,20,1622.0,514.0,-1283.0,0.0,0.067,0.7935,25.325086,1,0
3.181,20,1622.0,514.0,-1283.0,0.0,0.067,0.7935,32.91884,1,0
3.193,21,1565.0,555.0,-1273.0,0.07,0.121,2.0106,25.947061,1,0
3.237,21,1565.0,555.0,-1273.0,0.0,0.121,2.0106,25.947061,1,0
3.238,21,1565.0,555.0,-1273.0,0.0,0.121,2.0106,25.947061,1,0
3.255,21,1493.0,631.0,-1273.0,0.105,0.062,2.0106,16.360012,1,0
3.282,21,1493.0,631.0,-1273.0,0.0,0.062,2.0106,16.360012,1,0
3.303,21,1493.0,631.0,-1273.0,0.0,0.062,2.0106,24.957764,1,0
3.327,21,1493.0,631.0,-1273.0,0.0,0.062,2.0106,24.957764,1,0
3.328,21,1493.0,631.0,-1273.0,0.0,0.062,2.0106,24.957764,1,0
3.372,21,1493.0,631.0,-1273.0,0.0,0.062,2.0106,24.957764,1,0
3.377,22,1435.0,687.0,-1262.0,0.081,0.122,3.6391,17.490855,1,0
3.415,22,1435.0,687.0,-1262.0,0.0,0.122,3.6391,28.100178,1,0
3.462,22,1435.0,687.0,-1262.0,0.0,0.122,3.6391,28.100178,1,0
3.463,22,1435.0,687.0,-1262.0,0.0,0.122,3.6391,28.100178,1,0
3.464,22,1435.0,687.0,-1262.0,0.0,0.122,3.6391,28.100178,1,0
3.482,22,1435.0,687.0,-1262.0,0.0,0.122,3.6391,37.253322,1,0
3.494,23,1335.0,740.0,-1260.0,0.113,0.117,3.4769,25.978838,1,0
3.507,23,1335.0,740.0,-1260.0,0.0,0.117,3.4769,25.978838,1,0
3.508,23,1335.0,740.0,-1260.0,0.0,0.117,3.4769,25.978838,1,0
3.555,23,1245.0,788.0,-1275.0,0.102,0.061,3.4769,15.875138,1,0
3.597,23,1245.0,788.0,-1275.0,0.0,0.061,3.4769,15.875138,1,0
3.598,23,1245.0,788.0,-1275.0,0.0,0.061,3.4769,15.875138,1,0
3.603,23,1245.0,788.0,-1275.0,0.0,0.061,3.4769,20.925821,1,0
3.642,23,1245.0,788.0,-1275.0,0.0,0.061,3.4769,20.925821,1,0
3.643,23,1245.0,788.0,-1275.0,0.0,0.061,3.4769,20.925821,1,0
3.668,24,1129.0,830.0,-1278.0,0.123,0.113,4.6552,8.9,1,0
3.687,24,1129.0,830.0,-1278.0,0.0,0.113,4.6552,8.9,1,0
3.688,24,1129.0,830.0,-1278.0,0.0,0.113,4.6552,8.9,1,0
3.716,24,1129.0,830.0,-1278.0,0.0,0.113,4.6552,15.321227,1,0
3.732,24,1129.0,830.0,-1278.0,0.0,0.113,4.6552,15.321227,1,0
3.733,24,1129.0,830.0,-1278.0,0.0,0.113,4.6552,15.321227,1,0
3.777,24,1129.0,830.0,-1278.0,0.0,0.113,4.6552,15.321227,1,0
3.778,24,1129.0,830.0,-1278.0,0.0,0.113,4.6552,15.321227,1,0
3.793,25,1018.0,855.0,-1280.0,0.114,0.125,3.2832,4.386342,1,0
3.822,25,1018.0,855.0,-1280.0,0.0,0.125,3.2832,4.386342,1,0
3.823,25,1018.0,855.0,-1280.0,0.0,0.125,3.2832,4.386342,1,0
3.828,25,1018.0,855.0,-1280.0,0.0,0.125,3.2832,12.720063,1,0
3.862,25,946.0,912.0,-1289.0,0.092,0.069,3.2832,4.517743,1,0
3.877,25,946.0,912.0,-1289.0,0.0,0.069,3.2832,4.517743,1,0
3.903,25,946.0,912.0,-1289.0,0.0,0.069,3.2832,13.892444,1,0
3.911,25,946.0,912.0,-1289.0,0.0,0.069,3.2832,13.892444,1,0
3.982,26,922.0,978.0,-1324.0,0.07,0.12,3.0857,6.88767,1,0
4.002,26,922.0,978.0,-1324.0,0.0,0.12,3.0857,6.88767,1,0
4.053,26,922.0,978.0,-1324.0,0.0,0.12,3.0857,22.907859,1,0
4.083,26,922.0,978.0,-1324.0,0.0,0.12,3.0857,20.229928,1,0
4.092,26,922.0,978.0,-1324.0,0.0,0.12,3.0857,20.229928,1,0
4.093,26,922.0,978.0,-1324.0,0.0,0.12,3.0857,20.229928,1,0
4.094,26,922.0,978.0,-1324.0,0.0,0.12,3.0857,20.229928,1,0
4.119,27,919.0,1050.0,-1323.0,0.072,0.137,1.892,13.024592,1,0
4.137,27,919.0,1050.0,-1323.0,0.0,0.137,1.892,13.024592,1,0
4.138,27,919.0,1050.0,-1323.0,0.0,0.137,1.892,13.024592,1,0
4.165,27,902.0,1163.0,-1361.0,0.114,0.046,1.892,1.923538,1,0
4.182,27,902.0,1163.0,-1361.0,0.0,0.046,1.892,1.923538,1,0
4.183,27,902.0,1163.0,-1361.0,0.0,0.046,1.892,1.923538,1,0
4.204,27,902.0,1163.0,-1361.0,0.0,0.046,1.892,21.51023,1,0
4.227,27,902.0,1163.0,-1361.0,0.0,0.046,1.892,21.51023,1,0
4.228,27,902.0,1163.0,-1361.0,0.0,0.046,1.892,21.51023,1,0
4.272,27,902.0,1163.0,-1361.0,0.0,0.046,1.892,21.51023,1,0
4.28,28,850.0,1246.0,-1365.0,0.098,0.115,4.7404,13.18484,1,0
4.316,28,850.0,1246.0,-1365.0,0.0,0.115,4.7404,15.388307,1,0
4.317,28,850.0,1246.0,-1365.0,0.0,0.115,4.7404,15.388307,1,0
4.318,28,850.0,1246.0,-1365.0,0.0,0.115,4.7404,15.388307,1,0
4.387,28,850.0,1246.0,-1365.0,0.0,0.115,4.7404,18.27895,1,0
4.395,29,826.0,1323.0,-1324.0,0.081,0.115,2.5357,10.214206,1,0
4.407,29,826.0,1323.0,-1324.0,0.0,0.115,2.5357,10.214206,1,0
4.408,29,826.0,1323.0,-1324.0,0.0,0.115,2.5357,10.214206,1,0
4.452,29,826.0,1323.0,-1324.0,0.0,0.115,2.5357,10.214206,1,0
4.47,29,829.0,1392.0,-1318.0,0.069,0.075,2.5357,4.482187,1,0
4.497,29,829.0,1392.0,-1318.0,0.0,0.075,2.5357,4.482187,1,0
4.499,29,829.0,1392.0,-1318.0,0.0,0.075,2.5357,4.482187,1,0
4.54,29,829.0,1392.0,-1318.0,0.0,0.075,2.5357,5.333854,1,0
4.542,29,829.0,1392.0,-1318.0,0.0,0.075,2.5357,5.333854,1,0
4.543,29,829.0,1392.0,-1318.0,0.0,0.075,2.5357,5.333854,1,0
4.582,30,804.0,1440.0,-1330.0,0.054,0.112,2.3679,0.282843,1,0
4.587,30,804.0,1440.0,-1330.0,0.0,0.112,2.3679,0.282843,1,0
4.588,30,804.0,1440.0,-1330.0,0.0,0.112,2.3679,0.282843,1,0
4.612,30,804.0,1440.0,-1330.0,0.0,0.112,2.3679,2.247221,1,0
4.632,30,804.0,1440.0,-1330.0,0.0,0.112,2.3679,2.247221,1,0
4.678,30,804.0,1440.0,-1330.0,0.0,0.112,2.3679,2.247221,1,0
4.679,30,804.0,1440.0,-1330.0,0.0,0.112,2.3679,2.247221,1,0
4.691,30,804.0,1440.0,-1330.0,0.0,0.112,2.3679,6.530697,1,0
4.694,31,792.0,1488.0,-1317.0,0.049,0.112,1.575,2.968164,1,0
4.722,31,792.0,1488.0,-1317.0,0.0,0.112,1.575,2.968164,1,0
4.723,31,792.0,1488.0,-1317.0,0.0,0.112,1.575,2.968164,1,0
4.767,31,792.0,1488.0,-1317.0,0.0,0.112,1.575,2.968164,1,0
4.768,31,792.0,1488.0,-1317.0,0.0,0.112,1.575,2.968164,1,0
4.769,31,790.0,1548.0,-1340.0,0.06,0.075,1.575,5.162364,1,0
4.812,31,790.0,1548.0,-1340.0,0.0,0.075,1.575,5.162364,1,0
4.813,31,790.0,1548.0,-1340.0,0.0,0.075,1.575,5.162364,1,0
4.874,31,790.0,1548.0,-1340.0,0.0,0.075,1.575,4.438468,1,0
4.882,32,799.0,1579.0,-1357.0,0.032,0.113,1.7617,5.403702,1,0
4.912,32,799.0,1579.0,-1357.0,0.0,0.113,1.7617,5.403702,1,0
4.913,32,799.0,1579.0,-1357.0,0.0,0.113,1.7617,5.403702,1,0
4.916,32,799.0,1579.0,-1357.0,0.0,0.113,1.7617,7.542546,1,0
4.946,32,799.0,1579.0,-1357.0,0.0,0.113,1.7617,7.542546,1,0
4.947,32,799.0,1579.0,-1357.0,0.0,0.113,1.7617,7.542546,1,0
4.986,32,799.0,1579.0,-1357.0,0.0,0.113,1.7617,13.020753,1,0
4.992,32,799.0,1579.0,-1357.0,0.0,0.113,1.7617,13.020753,1,0
5.032,33,832.0,1577.0,-670.0,0.033,0.15,0.792,10.688779,1,0
5.082,33,832.0,1577.0,-670.0,0.0,0.15,0.792,10.688779,1,0
5.083,33,832.0,1577.0,-670.0,0.0,0.15,0.792,10.688779,1,0
5.101,33,832.0,1577.0,-670.0,0.0,0.15,0.792,17.428999,1,0
5.105,33,864.0,1584.0,-152.0,0.033,0.073,0.792,14.567086,1,0
5.127,33,864.0,1584.0,-152.0,0.0,0.073,0.792,14.567086,1,0
5.128,33,864.0,1584.0,-152.0,0.0,0.073,0.792,14.567086,1,0
5.172,33,864.0,1584.0,-152.0,0.0,0.073,0.792,14.567086,1,0
5.173,33,864.0,1584.0,-152.0,0.0,0.073,0.792,14.567086,1,0
5.183,34,910.0,1599.0,247.0,0.048,0.078,1.9311,10.456099,1,0
5.21,34,910.0,1599.0,247.0,0.0,0.078,1.9311,20.22004,1,0
5.217,34,910.0,1599.0,247.0,0.0,0.078,1.9311,20.22004,1,0
5.218,34,910.0,1599.0,247.0,0.0,0.078,1.9311,20.22004,1,0
5.289,34,910.0,1599.0,247.0,0.0,0.078,1.9311,30.371039,1,0
5.295,35,987.0,1597.0,584.0,0.077,0.112,2.475,26.252048,1,0
5.307,35,987.0,1597.0,584.0,0.0,0.112,2.475,26.252048,1,0
5.308,35,987.0,1597.0,584.0,0.0,0.112,2.475,26.252048,1,0
5.309,35,987.0,1597.0,584.0,0.0,0.112,2.475,26.252048,1,0
5.352,35,987.0,1597.0,584.0,0.0,0.112,2.475,26.252048,1,0
5.353,35,987.0,1597.0,584.0,0.0,0.112,2.475,26.252048,1,0
5.36,35,1072.0,1617.0,839.0,0.087,0.065,2.475,21.66841,1,0
5.398,35,1072.0,1617.0,839.0,0.0,0.065,2.475,21.66841,1,0
5.399,35,1072.0,1617.0,839.0,0.0,0.065,2.475,21.66841,1,0
5.403,35,1072.0,1617.0,839.0,0.0,0.065,2.475,28.146048,1,0
5.442,35,1072.0,1617.0,839.0,0.0,0.065,2.475,28.146048,1,0
5.443,35,1072.0,1617.0,839.0,0.0,0.065,2.475,28.146048,1,0
5.475,36,1311.0,1290.0,1050.0,0.405,0.115,9.84,61.094844,0,0
5.486,36,1311.0,1290.0,1050.0,0.0,0.115,9.84,61.094844,0,0
5.487,36,1311.0,1290.0,1050.0,0.0,0.115,9.84,61.094844,0,0
5.516,36,1311.0,1290.0,1050.0,0.0,0.115,9.84,63.285069,0,0
5.531,36,1311.0,1290.0,1050.0,0.0,0.115,9.84,63.285069,0,0
5.532,36,1311.0,1290.0,1050.0,0.0,0.115,9.84,63.285069,0,0
5.58,36,1311.0,1290.0,1050.0,0.0,0.115,9.84,63.285069,0,0
5.581,36,1311.0,1290.0,1050.0,0.0,0.115,9.84,63.285069,0,0
5.584,36,1311.0,1290.0,1050.0,0.0,0.115,9.84,67.80118,0,0
5.595,37,1319.0,1452.0,451.0,0.162,0.12,4.86,51.60155,0,0
5.622,37,1319.0,1452.0,451.0,0.0,0.12,4.86,51.60155,0,0
5.664,37,1368.0,1553.0,-59.0,0.112,0.069,4.86,41.837065,1,1
5.667,37,1368.0,1553.0,-59.0,0.0,0.069,4.86,41.837065,1,0
5.704,37,1368.0,1553.0,-59.0,0.0,0.069,4.86,39.506582,1,0
5.712,37,1368.0,1553.0,-59.0,0.0,0.069,4.86,39.506582,1,0
5.713,37,1368.0,1553.0,-59.0,0.0,0.069,4.86,39.506582,1,0
5.757,37,1368.0,1553.0,-59.0,0.0,0.069,4.86,39.506582,1,0
5.778,38,1405.0,1593.0,-405.0,0.054,0.114,3.2656,35.409038,1,0
5.809,38,1405.0,1593.0,-405.0,0.0,0.114,3.2656,33.714685,1,0
5.89,38,1405.0,1593.0,-405.0,0.0,0.114,3.2656,36.149827,1,0
5.892,38,1405.0,1593.0,-405.0,0.0,0.114,3.2656,36.149827,1,0
5.893,38,1405.0,1593.0,-405.0,0.0,0.114,3.2656,36.149827,1,0
5.895,39,1473.0,1603.0,89.0,0.069,0.117,2.1231,33.50597,1,0
5.945,39,1473.0,1603.0,89.0,0.0,0.117,2.1231,33.50597,1,0
5.946,39,1473.0,1603.0,89.0,0.0,0.117,2.1231,33.50597,1,0
5.981,39,1473.0,1603.0,89.0,0.0,0.117,2.1231,33.50597,1,0
5.982,39,1473.0,1603.0,89.0,0.0,0.117,2.1231,33.50597,1,0
6.003,39,1473.0,1603.0,89.0,0.0,0.117,2.1231,28.789234,1,0
6.008,40,1549.0,1636.0,475.0,0.083,0.113,2.6442,22.748407,1,0
6.027,40,1549.0,1636.0,475.0,0.0,0.113,2.6442,22.748407,1,0
6.028,40,1549.0,1636.0,475.0,0.0,0.113,2.6442,22.748407,1,0
6.072,40,1549.0,1636.0,475.0,0.0,0.113,2.6442,22.748407,1,0
6.073,40,1549.0,1636.0,475.0,0.0,0.113,2.6442,22.748407,1,0
6.109,40,1549.0,1636.0,475.0,0.0,0.113,2.6442,23.567138,1,0
6.117,40,1549.0,1636.0,475.0,0.0,0.113,2.6442,23.567138,1,0
6.118,41,1607.0,1670.0,723.0,0.067,0.11,2.1927,17.477128,1,0
6.119,41,1607.0,1670.0,723.0,0.0,0.11,2.1927,17.477128,1,0
6.162,41,1607.0,1670.0,723.0,0.0,0.11,2.1927,17.477128,1,0
6.186,41,1607.0,1670.0,723.0,0.0,0.11,2.1927,21.997273,1,0
6.195,41,1658.0,1682.0,854.0,0.052,0.077,2.1927,17.489711,1,0
6.207,41,1658.0,1682.0,854.0,0.0,0.077,2.1927,17.489711,1,0
6.208,41,1658.0,1682.0,854.0,0.0,0.077,2.1927,17.489711,1,0
6.252,41,1658.0,1682.0,854.0,0.0,0.077,2.1927,17.489711,1,0
6.253,41,1658.0,1682.0,854.0,0.0,0.077,2.1927,17.489711,1,0
6.303,41,1658.0,1682.0,854.0,0.0,0.077,2.1927,22.882526,1,0
6.339,42,1685.0,1645.0,1021.0,0.046,0.144,1.5964,23.461671,1,0
6.342,42,1685.0,1645.0,1021.0,0.0,0.144,1.5964,23.461671,1,0
6.372,42,1704.0,1631.0,1099.0,0.024,0.033,1.5964,23.389314,1,0
6.387,42,1704.0,1631.0,1099.0,0.0,0.033,1.5964,23.389314,1,0
6.388,42,1704.0,1631.0,1099.0,0.0,0.033,1.5964,23.389314,1,0
6.388,42,1704.0,1631.0,1099.0,0.0,0.033,1.5964,23.389314,1,0
6.415,42,1704.0,1631.0,1099.0,0.0,0.033,1.5964,25.238265,1,0
6.432,42,1704.0,1631.0,1099.0,0.0,0.033,1.5964,25.238265,1,0
6.433,42,1704.0,1631.0,1099.0,0.0,0.033,1.5964,25.238265,1,0
6.477,42,1704.0,1631.0,1099.0,0.0,0.033,1.5964,25.238265,1,0
6.478,42,1704.0,1631.0,1099.0,0.0,0.033,1.5964,25.238265,1,0
6.522,42,1704.0,1631.0,1099.0,0.0,0.033,1.5964,25.238265,1,0
6.523,42,1704.0,1631.0,1099.0,0.0,0.033,1.5964,25.238265,1,0
6.528,42,1704.0,1631.0,1099.0,0.0,0.033,1.5964,24.508162,1,0
6.531,43,1771.0,1624.0,1064.0,0.067,0.159,1.7062,19.593111,1,0
6.567,43,1771.0,1624.0,1064.0,0.0,0.159,1.7062,19.593111,1,0
6.568,43,1771.0,1624.0,1064.0,0.0,0.159,1.7062,19.593111,1,0
6.591,43,1771.0,1624.0,1064.0,0.0,0.159,1.7062,18.056855,1,0
6.605,43,1687.0,1672.0,1228.0,0.097,0.074,1.7062,25.5196,1,0
6.611,43,1687.0,1672.0,1228.0,0.0,0.074,1.7062,25.5196,1,0
6.612,43,1687.0,1672.0,1228.0,0.0,0.074,1.7062,25.5196,1,0
6.658,43,1687.0,1672.0,1228.0,0.0,0.074,1.7062,25.5196,1,0
6.659,43,1687.0,1672.0,1228.0,0.0,0.074,1.7062,25.5196,1,0
6.702,43,1687.0,1672.0,1228.0,0.0,0.074,1.7062,25.5196,1,0
6.703,43,1687.0,1672.0,1228.0,0.0,0.074,1.7062,21.791053,1,0
6.746,44,1663.0,1672.0,1304.0,0.024,0.141,2.026,24.142287,1,0
6.747,44,1663.0,1672.0,1304.0,0.0,0.141,2.026,24.142287,1,0
6.748,44,1663.0,1672.0,1304.0,0.0,0.141,2.026,24.142287,1,0
6.776,44,1663.0,1672.0,1304.0,0.0,0.141,2.026,26.74341,1,0
6.792,44,1663.0,1672.0,1304.0,0.0,0.141,2.026,26.74341,1,0
6.793,44,1663.0,1672.0,1304.0,0.0,0.141,2.026,26.74341,1,0
6.837,44,1663.0,1672.0,1304.0,0.0,0.141,2.026,26.74341,1,0
6.838,44,1663.0,1672.0,1304.0,0.0,0.141,2.026,26.74341,1,0
6.855,45,1698.0,1659.0,1291.0,0.037,0.109,1.222,23.035842,1,0
6.881,45,1698.0,1659.0,1291.0,0.0,0.109,1.222,23.035842,1,0
6.882,45,1698.0,1659.0,1291.0,0.0,0.109,1.222,23.035842,1,0
6.903,45,1698.0,1659.0,1291.0,0.0,0.109,1.222,26.181673,1,0
6.927,45,1698.0,1659.0,1291.0,0.0,0.109,1.222,26.181673,1,0
6.928,45,1698.0,1659.0,1291.0,0.0,0.109,1.222,26.181673,1,0
6.941,45,1744.0,1608.0,1233.0,0.069,0.086,1.222,19.350711,1,0
6.974,46,1749.0,1554.0,1198.0,0.054,0.033,3.721,15.877657,1,0
6.994,46,1749.0,1554.0,1198.0,0.0,0.033,3.721,15.877657,1,0
6.995,46,1749.0,1554.0,1198.0,0.0,0.033,3.721,15.877657,1,0
7.016,46,1749.0,1554.0,1198.0,0.0,0.033,3.721,20.529978,1,0
7.062,46,1749.0,1554.0,1198.0,0.0,0.033,3.721,20.529978,1,0
7.082,46,1749.0,1554.0,1198.0,0.0,0.033,3.721,28.318545,1,0
7.155,47,1757.0,1482.0,645.0,0.072,0.181,1.432,22.098416,1,0
7.198,47,1757.0,1482.0,645.0,0.0,0.181,1.432,22.098416,1,0
7.199,47,1757.0,1482.0,645.0,0.0,0.181,1.432,30.139177,1,0
7.207,47,1761.0,1372.0,202.0,0.11,0.052,1.432,20.164573,1,0
7.267,48,1781.0,1254.0,-125.0,0.12,0.06,7.3929,10.344564,1,0
7.287,48,1781.0,1254.0,-125.0,0.0,0.06,7.3929,10.344564,1,0
7.288,48,1781.0,1254.0,-125.0,0.0,0.06,7.3929,10.344564,1,0
7.312,48,1781.0,1254.0,-125.0,0.0,0.06,7.3929,16.918924,1,0
7.332,48,1781.0,1254.0,-125.0,0.0,0.06,7.3929,16.918924,1,0
7.333,48,1781.0,1254.0,-125.0,0.0,0.06,7.3929,16.918924,1,0
7.376,48,1781.0,1254.0,-125.0,0.0,0.06,7.3929,16.918924,1,0
7.377,48,1781.0,1254.0,-125.0,0.0,0.06,7.3929,16.918924,1,0
7.389,48,1781.0,1254.0,-125.0,0.0,0.06,7.3929,24.33105,1,0
7.395,49,1792.0,1144.0,-410.0,0.111,0.128,3.1219,17.489711,1,0
7.421,49,1792.0,1144.0,-410.0,0.0,0.128,3.1219,17.489711,1,0
7.422,49,1792.0,1144.0,-410.0,0.0,0.128,3.1219,17.489711,1,0
7.456,49,1810.0,1047.0,-588.0,0.099,0.061,3.1219,15.20855,1,0
7.466,49,1810.0,1047.0,-588.0,0.0,0.061,3.1219,15.20855,1,0
7.503,49,1810.0,1047.0,-588.0,0.0,0.061,3.1219,18.180484,1,0
7.512,49,1810.0,1047.0,-588.0,0.0,0.061,3.1219,18.180484,1,0
7.513,49,1810.0,1047.0,-588.0,0.0,0.061,3.1219,18.180484,1,0
7.514,49,1810.0,1047.0,-588.0,0.0,0.061,3.1219,18.180484,1,0
7.556,49,1810.0,1047.0,-588.0,0.0,0.061,3.1219,18.180484,1,0
7.557,49,1810.0,1047.0,-588.0,0.0,0.061,3.1219,18.180484,1,0
7.568,50,1832.0,992.0,-757.0,0.059,0.112,3.2879,15.703503,1,0
7.602,50,1832.0,992.0,-757.0,0.0,0.112,3.2879,15.703503,1,0
7.642,50,1832.0,992.0,-757.0,0.0,0.112,3.2879,24.788102,1,0
7.647,50,1832.0,992.0,-757.0,0.0,0.112,3.2879,24.788102,1,0
7.648,50,1832.0,992.0,-757.0,0.0,0.112,3.2879,24.788102,1,0
7.687,50,1832.0,992.0,-757.0,0.0,0.112,3.2879,33.159312,1,0
7.692,50,1832.0,992.0,-757.0,0.0,0.112,3.2879,33.159312,1,0
7.693,50,1832.0,992.0,-757.0,0.0,0.112,3.2879,33.159312,1,0
7.695,51,1847.0,899.0,-879.0,0.094,0.127,2.6646,30.852553,1,0
7.737,51,1847.0,899.0,-879.0,0.0,0.127,2.6646,30.852553,1,0
7.738,51,1847.0,899.0,-879.0,0.0,0.127,2.6646,30.852553,1,0
7.755,51,1903.0,802.0,-970.0,0.112,0.06,2.6646,27.7,1,0
7.782,51,1903.0,802.0,-970.0,0.0,0.06,2.6646,27.7,1,0
7.799,51,1903.0,802.0,-970.0,0.0,0.06,2.6646,28.23048,1,0
7.827,51,1903.0,802.0,-970.0,0.0,0.06,2.6646,28.23048,1,0
7.828,51,1903.0,802.0,-970.0,0.0,0.06,2.6646,28.23048,1,0
7.868,52,1944.0,723.0,-1076.0,0.089,0.113,4.1827,28.595454,1,0
7.872,52,1944.0,723.0,-1076.0,0.0,0.113,4.1827,28.595454,1,0
7.873,52,1944.0,723.0,-1076.0,0.0,0.113,4.1827,28.595454,1,0
7.916,52,1944.0,723.0,-1076.0,0.0,0.113,4.1827,34.082547,1,0
7.917,52,1944.0,723.0,-1076.0,0.0,0.113,4.1827,34.082547,1,0
7.962,52,1944.0,723.0,-1076.0,0.0,0.113,4.1827,34.082547,1,0
7.963,52,1944.0,723.0,-1076.0,0.0,0.113,4.1827,34.082547,1,0
7.985,52,1944.0,723.0,-1076.0,0.0,0.113,4.1827,39.314628,1,0
7.994,53,1963.0,635.0,-1234.0,0.09,0.126,2.5714,39.121989,1,0
8.051,53,1963.0,635.0,-1234.0,0.0,0.126,2.5714,39.121989,1,0
8.052,53,1963.0,635.0,-1234.0,0.0,0.126,2.5714,39.121989,1,0
8.053,53,1963.0,635.0,-1234.0,0.0,0.126,2.5714,39.121989,1,0
8.055,53,2078.0,591.0,-1216.0,0.123,0.061,2.5714,30.464405,1,0
8.103,53,2078.0,591.0,-1216.0,0.0,0.061,2.5714,31.58259,1,0
8.142,53,2078.0,591.0,-1216.0,0.0,0.061,2.5714,31.58259,1,0
8.143,53,2078.0,591.0,-1216.0,0.0,0.061,2.5714,31.58259,1,0
8.144,53,2078.0,591.0,-1216.0,0.0,0.061,2.5714,31.58259,1,0
8.187,53,2078.0,591.0,-1216.0,0.0,0.061,2.5714,31.58259,1,0
8.209,53,2078.0,591.0,-1216.0,0.0,0.061,2.5714,37.583241,1,0
8.22,54,2153.0,538.0,-1271.0,0.092,0.165,3.4248,30.130383,1,0
8.232,54,2153.0,538.0,-1271.0,0.0,0.165,3.4248,30.130383,1,0
8.277,54,2153.0,538.0,-1271.0,0.0,0.165,3.4248,30.130383,1,0
8.28,54,2153.0,538.0,-1271.0,0.0,0.165,3.4248,39.936575,1,0
8.294,54,2178.0,468.0,-1414.0,0.074,0.074,3.4248,38.695995,1,0
8.322,54,2178.0,468.0,-1414.0,0.0,0.074,3.4248,38.695995,1,0
8.323,54,2178.0,468.0,-1414.0,0.0,0.074,3.4248,38.695995,1,0
8.367,54,2178.0,468.0,-1414.0,0.0,0.074,3.4248,38.695995,1,0
8.37,55,2248.0,328.0,-1429.0,0.157,0.076,5.544,38.840443,1,0
8.404,55,2248.0,328.0,-1429.0,0.0,0.076,5.544,38.562287,1,0
8.412,55,2248.0,328.0,-1429.0,0.0,0.076,5.544,38.562287,1,0
8.413,55,2248.0,328.0,-1429.0,0.0,0.076,5.544,38.562287,1,0
8.457,55,2248.0,328.0,-1429.0,0.0,0.076,5.544,38.562287,1,0
8.458,55,2248.0,328.0,-1429.0,0.0,0.076,5.544,38.562287,1,0
8.478,56,2360.0,259.0,-1392.0,0.132,0.108,4.4,31.434058,1,0
8.512,56,2360.0,259.0,-1392.0,0.0,0.108,4.4,49.638896,1,0
8.547,56,2360.0,259.0,-1392.0,0.0,0.108,4.4,49.638896,1,0
8.548,56,2360.0,259.0,-1392.0,0.0,0.108,4.4,49.638896,1,0
8.591,56,2360.0,259.0,-1392.0,0.0,0.108,4.4,57.784427,0,0
8.592,56,2360.0,259.0,-1392.0,0.0,0.108,4.4,57.784427,0,0
8.594,57,2556.0,49.0,-1189.0,0.287,0.116,8.9069,62.484878,0,0
8.664,57,2721.0,-58.0,-968.0,0.197,0.07,8.9069,68.308857,0,0
8.682,57,2721.0,-58.0,-968.0,0.0,0.07,8.9069,68.308857,0,0
8.684,57,2721.0,-58.0,-968.0,0.0,0.07,8.9069,68.308857,0,0
8.699,57,2721.0,-58.0,-968.0,0.0,0.07,8.9069,80.936765,0,0
8.727,57,2721.0,-58.0,-968.0,0.0,0.07,8.9069,80.936765,0,0
8.771,57,2721.0,-58.0,-968.0,0.0,0.07,8.9069,80.936765,0,0
8.772,57,2721.0,-58.0,-968.0,0.0,0.07,8.9069,80.936765,0,0
8.781,58,2816.0,128.0,-363.0,0.209,0.117,7.816,60.940709,0,0
8.809,58,2816.0,128.0,-363.0,0.0,0.117,7.816,68.627764,0,0
8.816,58,2816.0,128.0,-363.0,0.0,0.117,7.816,68.627764,0,0
8.817,58,2816.0,128.0,-363.0,0.0,0.117,7.816,68.627764,0,0
8.862,58,2816.0,128.0,-363.0,0.0,0.117,7.816,68.627764,0,0
8.863,58,2816.0,128.0,-363.0,0.0,0.117,7.816,68.627764,0,0
8.891,58,2816.0,128.0,-363.0,0.0,0.117,7.816,80.028058,0,0
8.895,59,2928.0,332.0,-631.0,0.233,0.114,7.3579,57.520866,0,0
8.907,59,2928.0,332.0,-631.0,0.0,0.114,7.3579,57.520866,0,0
8.908,59,2928.0,332.0,-631.0,0.0,0.114,7.3579,57.520866,0,0
8.97,59,3030.0,478.0,-797.0,0.178,0.075,7.3579,41.814471,1,1
8.999,59,3030.0,478.0,-797.0,0.0,0.075,7.3579,51.404377,0,0
9.08,60,3147.0,610.0,-176.0,0.176,0.11,6.8886,36.444478,1,1
9.092,60,3147.0,610.0,-176.0,0.0,0.11,6.8886,36.444478,1,0
9.093,60,3147.0,610.0,-176.0,0.0,0.11,6.8886,36.444478,1,0
9.109,60,3147.0,610.0,-176.0,0.0,0.11,6.8886,46.575959,1,0
9.191,60,3147.0,610.0,-176.0,0.0,0.11,6.8886,61.177283,0,0
9.193,61,3267.0,703.0,310.0,0.152,0.113,4.8425,49.552497,1,1
9.222,61,3267.0,703.0,310.0,0.0,0.113,4.8425,49.552497,1,0
9.223,61,3267.0,703.0,310.0,0.0,0.113,4.8425,49.552497,1,0
9.224,61,3267.0,703.0,310.0,0.0,0.113,4.8425,49.552497,1,0
9.264,61,3323.0,824.0,566.0,0.133,0.071,4.8425,37.101213,1,0
9.267,61,3323.0,824.0,566.0,0.0,0.071,4.8425,37.101213,1,0
9.297,61,3323.0,824.0,566.0,0.0,0.071,4.8425,47.085136,1,0
9.312,61,3323.0,824.0,566.0,0.0,0.071,4.8425,47.085136,1,0
9.313,61,3323.0,824.0,566.0,0.0,0.071,4.8425,47.085136,1,0
9.357,61,3323.0,824.0,566.0,0.0,0.071,4.8425,47.085136,1,0
9.358,61,3323.0,824.0,566.0,0.0,0.071,4.8425,47.085136,1,0
9.378,62,3397.0,898.0,780.0,0.105,0.114,4.6314,39.1,1,0
9.402,62,3397.0,898.0,780.0,0.0,0.114,4.6314,39.1,1,0
9.415,62,3397.0,898.0,780.0,0.0,0.114,4.6314,47.124728,1,0
9.446,62,3397.0,898.0,780.0,0.0,0.114,4.6314,47.124728,1,0
9.447,62,3397.0,898.0,780.0,0.0,0.114,4.6314,47.124728,1,0
9.481,62,3397.0,898.0,780.0,0.0,0.114,4.6314,53.727553,0,0
9.491,62,3397.0,898.0,780.0,0.0,0.114,4.6314,53.727553,0,0
9.492,62,3397.0,898.0,780.0,0.0,0.114,4.6314,53.727553,0,0
9.494,63,3438.0,866.0,148.0,0.052,0.116,1.6138,55.663453,0,0
9.536,63,3438.0,866.0,148.0,0.0,0.116,1.6138,55.663453,0,0
9.537,63,3438.0,866.0,148.0,0.0,0.116,1.6138,55.663453,0,0
9.555,63,3540.0,963.0,-285.0,0.141,0.061,1.6138,44.494606,1,1
9.582,63,3540.0,963.0,-285.0,0.0,0.061,1.6138,44.494606,1,0
9.583,63,3540.0,963.0,-285.0,0.0,0.061,1.6138,44.494606,1,0
9.604,63,3540.0,963.0,-285.0,0.0,0.061,1.6138,58.290994,0,0
9.627,63,3540.0,963.0,-285.0,0.0,0.061,1.6138,58.290994,0,0
9.672,63,3540.0,963.0,-285.0,0.0,0.061,1.6138,58.290994,0,0
9.673,63,3540.0,963.0,-285.0,0.0,0.061,1.6138,58.290994,0,0
9.679,64,3628.0,1195.0,52.0,0.248,0.124,7.5697,33.970576,1,1
9.716,64,3628.0,1195.0,52.0,0.0,0.124,7.5697,51.072497,0,0
9.762,64,3628.0,1195.0,52.0,0.0,0.124,7.5697,51.072497,0,0
9.763,64,3628.0,1195.0,52.0,0.0,0.124,7.5697,51.072497,0,0
9.782,64,3628.0,1195.0,52.0,0.0,0.124,7.5697,54.953435,0,0
9.793,65,3704.0,1372.0,363.0,0.193,0.114,6.0947,36.279057,1,1
9.807,65,3704.0,1372.0,363.0,0.0,0.114,6.0947,36.279057,1,0
9.808,65,3704.0,1372.0,363.0,0.0,0.114,6.0947,36.279057,1,0
9.87,65,3734.0,1510.0,530.0,0.141,0.077,6.0947,22.30807,1,0
9.897,65,3734.0,1510.0,530.0,0.0,0.077,6.0947,22.30807,1,0
9.903,65,3734.0,1510.0,530.0,0.0,0.077,6.0947,32.673537,1,0
9.942,65,3734.0,1510.0,530.0,0.0,0.077,6.0947,32.673537,1,0
9.943,65,3734.0,1510.0,530.0,0.0,0.077,6.0947,32.673537,1,0
9.97,66,3756.0,1648.0,705.0,0.14,0.1,5.7153,18.724316,1,0
9.987,66,3756.0,1648.0,705.0,0.0,0.1,5.7153,18.724316,1,0
9.988,66,3756.0,1648.0,705.0,0.0,0.1,5.7153,18.724316,1,0
10.012,66,3756.0,1648.0,705.0,0.0,0.1,5.7153,34.532449,1,0
10.032,66,3756.0,1648.0,705.0,0.0,0.1,5.7153,34.532449,1,0
10.077,66,3756.0,1648.0,705.0,0.0,0.1,5.7153,34.532449,1,0
10.078,66,3756.0,1648.0,705.0,0.0,0.1,5.7153,34.532449,1,0
10.086,66,3756.0,1648.0,705.0,0.0,0.1,5.7153,47.952581,1,0
10.093,67,3791.0,1783.0,240.0,0.139,0.123,4.0683,34.012498,1,0
10.137,67,3791.0,1783.0,240.0,0.0,0.123,4.0683,34.012498,1,0
10.138,67,3791.0,1783.0,240.0,0.0,0.123,4.0683,34.012498,1,0
10.155,67,3832.0,1877.0,-121.0,0.103,0.062,4.0683,23.866294,1,0
10.166,67,3832.0,1877.0,-121.0,0.0,0.062,4.0683,23.866294,1,0
10.167,67,3832.0,1877.0,-121.0,0.0,0.062,4.0683,23.866294,1,0
10.203,67,3832.0,1877.0,-121.0,0.0,0.062,4.0683,45.382486,1,0
10.212,67,3832.0,1877.0,-121.0,0.0,0.062,4.0683,45.382486,1,0
10.213,67,3832.0,1877.0,-121.0,0.0,0.062,4.0683,45.382486,1,0
10.257,67,3832.0,1877.0,-121.0,0.0,0.062,4.0683,45.382486,1,0
10.258,67,3832.0,1877.0,-121.0,0.0,0.062,4.0683,45.382486,1,0
10.268,68,3884.0,1968.0,-440.0,0.105,0.113,4.2789,35.827364,1,0
10.312,68,3884.0,1968.0,-440.0,0.0,0.113,4.2789,38.439823,1,0
10.347,68,3884.0,1968.0,-440.0,0.0,0.113,4.2789,38.439823,1,0
10.348,68,3884.0,1968.0,-440.0,0.0,0.113,4.2789,38.439823,1,0
10.391,68,3884.0,1968.0,-440.0,0.0,0.113,4.2789,39.538589,1,0
10.392,68,3884.0,1968.0,-440.0,0.0,0.113,4.2789,39.538589,1,0
10.393,68,3884.0,1968.0,-440.0,0.0,0.113,4.2789,39.538589,1,0
10.394,69,3920.0,2057.0,-698.0,0.096,0.126,2.7429,30.13785,1,0
10.437,69,3920.0,2057.0,-698.0,0.0,0.126,2.7429,30.13785,1,0
10.438,69,3920.0,2057.0,-698.0,0.0,0.126,2.7429,30.13785,1,0
10.469,69,3987.0,2010.0,-219.0,0.082,0.075,2.7429,34.570074,1,0
10.482,69,3987.0,2010.0,-219.0,0.0,0.075,2.7429,34.570074,1,0
10.504,69,3987.0,2010.0,-219.0,0.0,0.075,2.7429,40.5079,1,0
10.527,69,3987.0,2010.0,-219.0,0.0,0.075,2.7429,40.5079,1,0
10.573,69,3987.0,2010.0,-219.0,0.0,0.075,2.7429,40.5079,1,0
10.574,69,3987.0,2010.0,-219.0,0.0,0.075,2.7429,40.5079,1,0
10.578,70,4098.0,2092.0,-629.0,0.138,0.109,4.3043,33.902507,1,0
10.609,70,4098.0,2092.0,-629.0,0.0,0.109,4.3043,36.793478,1,0
10.617,70,4098.0,2092.0,-629.0,0.0,0.109,4.3043,36.793478,1,0
10.662,70,4098.0,2092.0,-629.0,0.0,0.109,4.3043,36.793478,1,0
10.69,70,4098.0,2092.0,-629.0,0.0,0.109,4.3043,37.764136,1,0
10.695,71,4120.0,2156.0,-781.0,0.068,0.117,2.0923,31.607752,1,0
10.707,71,4120.0,2156.0,-781.0,0.0,0.117,2.0923,31.607752,1,0
10.708,71,4120.0,2156.0,-781.0,0.0,0.117,2.0923,31.607752,1,0
10.752,71,4120.0,2156.0,-781.0,0.0,0.117,2.0923,31.607752,1,0
10.753,71,4120.0,2156.0,-781.0,0.0,0.117,2.0923,31.607752,1,0
10.797,71,4120.0,2156.0,-781.0,0.0,0.117,2.0923,31.607752,1,0
10.798,71,4120.0,2156.0,-781.0,0.0,0.117,2.0923,31.607752,1,0
10.802,71,4120.0,2156.0,-781.0,0.0,0.117,2.0923,34.414532,1,0
10.842,71,4120.0,2156.0,-781.0,0.0,0.117,2.0923,34.414532,1,0
10.843,71,4120.0,2156.0,-781.0,0.0,0.117,2.0923,34.414532,1,0
10.88,72,4144.0,2226.0,-925.0,0.074,0.185,1.44,27.435743,1,0
10.884,72,4199.0,2285.0,-1054.0,0.081,0.004,1.44,22.58008,1,0
10.887,72,4199.0,2285.0,-1054.0,0.0,0.004,1.44,22.58008,1,0
10.916,72,4199.0,2285.0,-1054.0,0.0,0.004,1.44,17.593465,1,0
10.931,72,4199.0,2285.0,-1054.0,0.0,0.004,1.44,17.593465,1,0
10.932,72,4199.0,2285.0,-1054.0,0.0,0.004,1.44,17.593465,1,0
10.976,72,4199.0,2285.0,-1054.0,0.0,0.004,1.44,17.593465,1,0
10.985,72,4199.0,2285.0,-1054.0,0.0,0.004,1.44,13.081667,1,0
11.067,72,4199.0,2285.0,-1054.0,0.0,0.004,1.44,13.081667,1,0
11.068,72,4199.0,2285.0,-1054.0,0.0,0.004,1.44,13.081667,1,0
11.099,72,4199.0,2285.0,-1054.0,0.0,0.004,1.44,16.732304,1,0
11.112,72,4199.0,2285.0,-1054.0,0.0,0.004,1.44,16.732304,1,0
11.113,72,4199.0,2285.0,-1054.0,0.0,0.004,1.44,16.732304,1,0
11.133,73,4253.0,2308.0,-1159.0,0.059,0.249,1.9921,11.201786,1,0
11.146,73,4260.0,2304.0,-1236.0,0.008,0.013,1.9921,10.501905,1,0
11.179,73,4189.0,2090.0,-1379.0,0.225,0.033,1.9921,27.86252,1,0
11.198,73,4189.0,2090.0,-1379.0,0.0,0.033,1.9921,27.86252,1,0
11.198,73,4189.0,2090.0,-1379.0,0.0,0.033,1.9921,27.86252,1,0
11.201,73,4189.0,2090.0,-1379.0,0.0,0.033,1.9921,27.86252,1,0
11.215,73,4189.0,2090.0,-1379.0,0.0,0.033,1.9921,30.672626,1,0
11.246,73,4189.0,2090.0,-1379.0,0.0,0.033,1.9921,30.672626,1,0
11.247,73,4189.0,2090.0,-1379.0,0.0,0.033,1.9921,30.672626,1,0
11.277,73,4189.0,2090.0,-1379.0,0.0,0.033,1.9921,35.070358,1,0
11.292,73,4189.0,2090.0,-1379.0,0.0,0.033,1.9921,35.070358,1,0
11.293,74,4261.0,2122.0,-1368.0,0.079,0.114,7.02,27.232517,1,0
11.294,74,4261.0,2122.0,-1368.0,0.0,0.114,7.02,27.232517,1,0
11.337,74,4261.0,2122.0,-1368.0,0.0,0.114,7.02,27.232517,1,0
11.369,74,4367.0,2135.0,-1355.0,0.107,0.076,7.02,16.834488,1,0
11.382,74,4367.0,2135.0,-1355.0,0.0,0.076,7.02,16.834488,1,0
11.383,74,4367.0,2135.0,-1355.0,0.0,0.076,7.02,16.834488,1,0
11.399,74,4367.0,2135.0,-1355.0,0.0,0.076,7.02,24.382166,1,0
11.472,74,4367.0,2135.0,-1355.0,0.0,0.076,7.02,24.382166,1,0
11.473,74,4367.0,2135.0,-1355.0,0.0,0.076,7.02,24.382166,1,0
11.479,75,4467.0,2073.0,-1290.0,0.118,0.11,4.3548,14.904026,1,0
11.509,75,4467.0,2073.0,-1290.0,0.0,0.11,4.3548,26.928424,1,0
11.586,75,4467.0,2073.0,-1290.0,0.0,0.11,4.3548,37.481329,1,0
11.593,76,4560.0,2035.0,-1269.0,0.1,0.114,3.1579,27.448862,1,0
11.607,76,4560.0,2035.0,-1269.0,0.0,0.114,3.1579,27.448862,1,0
11.608,76,4560.0,2035.0,-1269.0,0.0,0.114,3.1579,27.448862,1,0
11.652,76,4560.0,2035.0,-1269.0,0.0,0.114,3.1579,27.448862,1,0
11.697,76,4560.0,2035.0,-1269.0,0.0,0.114,3.1579,27.448862,1,0
11.704,77,4642.0,1987.0,-1261.0,0.095,0.111,3.0811,18.243903,1,0
11.734,77,4642.0,1987.0,-1261.0,0.0,0.111,3.0811,23.836527,1,0
11.742,77,4642.0,1987.0,-1261.0,0.0,0.111,3.0811,23.836527,1,0
11.743,77,4642.0,1987.0,-1261.0,0.0,0.111,3.0811,23.836527,1,0
11.776,77,4728.0,1932.0,-1289.0,0.102,0.072,3.0811,13.723338,1,0
11.787,77,4728.0,1932.0,-1289.0,0.0,0.072,3.0811,13.723338,1,0
11.788,77,4728.0,1932.0,-1289.0,0.0,0.072,3.0811,13.723338,1,0
11.811,77,4728.0,1932.0,-1289.0,0.0,0.072,3.0811,23.28798,1,0
11.832,77,4728.0,1932.0,-1289.0,0.0,0.072,3.0811,23.28798,1,0
11.833,77,4728.0,1932.0,-1289.0,0.0,0.072,3.0811,23.28798,1,0
11.877,77,4728.0,1932.0,-1289.0,0.0,0.072,3.0811,23.28798,1,0
11.878,77,4728.0,1932.0,-1289.0,0.0,0.072,3.0811,23.28798,1,0
11.89,77,4728.0,1932.0,-1289.0,0.0,0.072,3.0811,36.63441,1,0
11.895,78,4782.0,1797.0,-1365.0,0.145,0.119,4.6555,22.44393,1,0
11.963,78,4790.0,1743.0,-1359.0,0.055,0.068,4.6555,17.896648,1,0
11.967,78,4790.0,1743.0,-1359.0,0.0,0.068,4.6555,17.896648,1,0
11.968,78,4790.0,1743.0,-1359.0,0.0,0.068,4.6555,17.896648,1,0
11.998,78,4790.0,1743.0,-1359.0,0.0,0.068,4.6555,22.825424,1,0
12.011,78,4790.0,1743.0,-1359.0,0.0,0.068,4.6555,22.825424,1,0
12.012,78,4790.0,1743.0,-1359.0,0.0,0.068,4.6555,22.825424,1,0
12.057,78,4790.0,1743.0,-1359.0,0.0,0.068,4.6555,22.825424,1,0
12.058,78,4790.0,1743.0,-1359.0,0.0,0.068,4.6555,22.825424,1,0
12.078,79,4825.0,1677.0,-1405.0,0.075,0.115,2.5574,15.356106,1,0
12.102,79,4825.0,1677.0,-1405.0,0.0,0.115,2.5574,15.356106,1,0
12.103,79,4825.0,1677.0,-1405.0,0.0,0.115,2.5574,15.356106,1,0
12.116,79,4825.0,1677.0,-1405.0,0.0,0.115,2.5574,23.958506,1,0
12.147,79,4825.0,1677.0,-1405.0,0.0,0.115,2.5574,23.958506,1,0
12.191,79,4825.0,1677.0,-1405.0,0.0,0.115,2.5574,28.53787,1,0
12.192,79,4825.0,1677.0,-1405.0,0.0,0.115,2.5574,28.53787,1,0
12.194,80,4871.0,1606.0,-1403.0,0.085,0.116,2.6379,20.847062,1,0
12.242,80,4871.0,1606.0,-1403.0,0.0,0.116,2.6379,20.847062,1,0
12.243,80,4871.0,1606.0,-1403.0,0.0,0.116,2.6379,20.847062,1,0
12.263,80,4959.0,1489.0,-1476.0,0.146,0.069,2.6379,11.729024,1,0
12.281,80,4959.0,1489.0,-1476.0,0.0,0.069,2.6379,11.729024,1,0
12.282,80,4959.0,1489.0,-1476.0,0.0,0.069,2.6379,11.729024,1,0
12.327,80,4959.0,1489.0,-1476.0,0.0,0.069,2.6379,11.729024,1,0
12.328,80,4959.0,1489.0,-1476.0,0.0,0.069,2.6379,11.729024,1,0
12.336,80,4959.0,1489.0,-1476.0,0.0,0.069,2.6379,24.845523,1,0
12.372,80,4959.0,1489.0,-1476.0,0.0,0.069,2.6379,24.845523,1,0
12.373,80,4959.0,1489.0,-1476.0,0.0,0.069,2.6379,24.845523,1,0
12.382,81,5013.0,1372.0,-649.0,0.129,0.119,5.266,19.006578,1,0
12.416,81,5013.0,1372.0,-649.0,0.0,0.119,5.266,28.46085,1,0
12.417,81,5013.0,1372.0,-649.0,0.0,0.119,5.266,28.46085,1,0
12.419,81,5013.0,1372.0,-649.0,0.0,0.119,5.266,28.46085,1,0
12.464,81,5013.0,1372.0,-649.0,0.0,0.119,5.266,28.46085,1,0
12.465,81,5013.0,1372.0,-649.0,0.0,0.119,5.266,28.46085,1,0
12.486,81,5013.0,1372.0,-649.0,0.0,0.119,5.266,38.108398,1,0
12.493,82,4940.0,1327.0,-90.0,0.086,0.111,2.7892,30.502623,1,0
12.506,82,4940.0,1327.0,-90.0,0.0,0.111,2.7892,30.502623,1,0
12.507,82,4940.0,1327.0,-90.0,0.0,0.111,2.7892,30.502623,1,0
12.551,82,4940.0,1327.0,-90.0,0.0,0.111,2.7892,30.502623,1,0
12.552,82,4940.0,1327.0,-90.0,0.0,0.111,2.7892,30.502623,1,0
12.562,82,4882.0,1304.0,319.0,0.062,0.069,2.7892,26.12049,1,0
12.604,82,4882.0,1304.0,319.0,0.0,0.069,2.7892,33.155693,1,0
12.642,82,4882.0,1304.0,319.0,0.0,0.069,2.7892,33.155693,1,0
12.644,82,4882.0,1304.0,319.0,0.0,0.069,2.7892,33.155693,1,0
12.645,82,4882.0,1304.0,319.0,0.0,0.069,2.7892,33.155693,1,0
12.681,83,4827.0,1222.0,614.0,0.099,0.119,3.083,24.063458,1,0
12.687,83,4827.0,1222.0,614.0,0.0,0.119,3.083,24.063458,1,0
12.688,83,4827.0,1222.0,614.0,0.0,0.119,3.083,24.063458,1,0
12.712,83,4827.0,1222.0,614.0,0.0,0.119,3.083,29.883942,1,0
12.732,83,4827.0,1222.0,614.0,0.0,0.119,3.083,29.883942,1,0
12.777,83,4827.0,1222.0,614.0,0.0,0.119,3.083,29.883942,1,0
12.778,83,4827.0,1222.0,614.0,0.0,0.119,3.083,29.883942,1,0
12.791,83,4827.0,1222.0,614.0,0.0,0.119,3.083,32.723386,1,0
12.793,84,4734.0,1181.0,866.0,0.102,0.112,3.2786,25.045558,1,0
12.822,84,4734.0,1181.0,866.0,0.0,0.112,3.2786,25.045558,1,0
12.823,84,4734.0,1181.0,866.0,0.0,0.112,3.2786,25.045558,1,0
12.859,84,4672.0,1159.0,1060.0,0.066,0.066,3.2786,21.659178,1,0
12.867,84,4672.0,1159.0,1060.0,0.0,0.066,3.2786,21.659178,1,0
12.868,84,4672.0,1159.0,1060.0,0.0,0.066,3.2786,21.659178,1,0
12.892,84,4672.0,1159.0,1060.0,0.0,0.066,3.2786,23.862313,1,0
12.957,84,4672.0,1159.0,1060.0,0.0,0.066,3.2786,23.862313,1,0
12.958,84,4672.0,1159.0,1060.0,0.0,0.066,3.2786,23.862313,1,0
12.974,85,4523.0,1301.0,1234.0,0.206,0.115,5.4099,36.776351,1,0
13.002,85,4523.0,1301.0,1234.0,0.0,0.115,5.4099,36.776351,1,0
13.012,85,4523.0,1301.0,1234.0,0.0,0.115,5.4099,38.129516,1,0
13.047,85,4523.0,1301.0,1234.0,0.0,0.115,5.4099,38.129516,1,0
13.048,85,4523.0,1301.0,1234.0,0.0,0.115,5.4099,38.129516,1,0
13.091,85,4523.0,1301.0,1234.0,0.0,0.115,5.4099,38.078472,1,0
13.092,85,4523.0,1301.0,1234.0,0.0,0.115,5.4099,38.078472,1,0
13.093,85,4523.0,1301.0,1234.0,0.0,0.115,5.4099,38.078472,1,0
13.094,86,4431.0,1335.0,1340.0,0.098,0.12,2.94,40.300496,1,0
13.138,86,4431.0,1335.0,1340.0,0.0,0.12,2.94,40.300496,1,0
13.139,86,4431.0,1335.0,1340.0,0.0,0.12,2.94,40.300496,1,0
13.155,86,4376.0,1266.0,1342.0,0.088,0.061,2.94,33.817895,1,0
13.182,86,4376.0,1266.0,1342.0,0.0,0.061,2.94,33.817895,1,0
13.203,86,4376.0,1266.0,1342.0,0.0,0.061,2.94,36.29325,1,0
13.227,86,4376.0,1266.0,1342.0,0.0,0.061,2.94,36.29325,1,0
13.228,86,4376.0,1266.0,1342.0,0.0,0.061,2.94,36.29325,1,0
13.28,87,4318.0,1163.0,1339.0,0.118,0.125,3.9871,26.096935,1,0
13.291,87,4318.0,1163.0,1339.0,0.0,0.125,3.9871,26.096935,1,0
13.292,87,4318.0,1163.0,1339.0,0.0,0.125,3.9871,26.096935,1,0
13.315,87,4318.0,1163.0,1339.0,0.0,0.125,3.9871,25.761405,1,0
13.316,87,4318.0,1163.0,1339.0,0.0,0.125,3.9871,25.761405,1,0
13.317,87,4318.0,1163.0,1339.0,0.0,0.125,3.9871,25.761405,1,0
13.361,87,4318.0,1163.0,1339.0,0.0,0.125,3.9871,25.761405,1,0
13.362,87,4318.0,1163.0,1339.0,0.0,0.125,3.9871,25.761405,1,0
13.389,87,4318.0,1163.0,1339.0,0.0,0.125,3.9871,33.238833,1,0
13.395,88,4255.0,1102.0,1349.0,0.088,0.115,2.7548,25.235689,1,0
13.406,88,4255.0,1102.0,1349.0,0.0,0.115,2.7548,25.235689,1,0
13.407,88,4255.0,1102.0,1349.0,0.0,0.115,2.7548,25.235689,1,0
13.451,88,4255.0,1102.0,1349.0,0.0,0.115,2.7548,25.235689,1,0
13.452,88,4255.0,1102.0,1349.0,0.0,0.115,2.7548,25.235689,1,0
13.464,88,4165.0,1053.0,1254.0,0.102,0.069,2.7548,19.137659,1,0
13.496,88,4165.0,1053.0,1254.0,0.0,0.069,2.7548,19.137659,1,0
13.497,88,4165.0,1053.0,1254.0,0.0,0.069,2.7548,19.137659,1,0
13.536,88,4165.0,1053.0,1254.0,0.0,0.069,2.7548,25.593163,1,0
13.579,89,4074.0,1080.0,1290.0,0.095,0.115,3.8543,27.253073,1,0
13.587,89,4074.0,1080.0,1290.0,0.0,0.115,3.8543,27.253073,1,0
13.588,89,4074.0,1080.0,1290.0,0.0,0.115,3.8543,27.253073,1,0
13.59,89,4074.0,1080.0,1290.0,0.0,0.115,3.8543,27.253073,1,0
13.609,89,4074.0,1080.0,1290.0,0.0,0.115,3.8543,29.226187,1,0
13.632,89,4074.0,1080.0,1290.0,0.0,0.115,3.8543,29.226187,1,0
13.678,89,4074.0,1080.0,1290.0,0.0,0.115,3.8543,29.226187,1,0
13.691,89,4074.0,1080.0,1290.0,0.0,0.115,3.8543,42.97732,1,0
13.694,90,4001.0,1056.0,1252.0,0.077,0.115,2.4104,38.949454,1,0
13.722,90,4001.0,1056.0,1252.0,0.0,0.115,2.4104,38.949454,1,0
13.767,90,4001.0,1056.0,1252.0,0.0,0.115,2.4104,38.949454,1,0
13.769,90,3941.0,1048.0,1260.0,0.061,0.075,2.4104,37.700133,1,0
13.797,90,3941.0,1048.0,1260.0,0.0,0.075,2.4104,31.583065,1,0
13.812,90,3941.0,1048.0,1260.0,0.0,0.075,2.4104,31.583065,1,0
13.812,90,3941.0,1048.0,1260.0,0.0,0.075,2.4104,31.583065,1,0
13.878,91,3887.0,1049.0,1252.0,0.054,0.109,2.25,30.727838,1,0
13.902,91,3887.0,1049.0,1252.0,0.0,0.109,2.25,30.727838,1,0
13.903,91,3887.0,1049.0,1252.0,0.0,0.109,2.25,30.727838,1,0
13.903,91,3887.0,1049.0,1252.0,0.0,0.109,2.25,30.727838,1,0
13.917,91,3887.0,1049.0,1252.0,0.0,0.109,2.25,28.328254,1,0
13.946,91,3887.0,1049.0,1252.0,0.0,0.109,2.25,28.328254,1,0
13.947,91,3887.0,1049.0,1252.0,0.0,0.109,2.25,28.328254,1,0
13.991,92,3816.0,1073.0,1196.0,0.075,0.113,2.3894,29.901505,1,0
13.992,92,3816.0,1073.0,1196.0,0.0,0.113,2.3894,29.901505,1,0
14.025,92,3816.0,1073.0,1196.0,0.0,0.113,2.3894,10.429286,1,0
14.037,92,3816.0,1073.0,1196.0,0.0,0.113,2.3894,10.429286,1,0
14.039,92,3816.0,1073.0,1196.0,0.0,0.113,2.3894,10.429286,1,0
14.066,92,3786.0,1086.0,1225.0,0.033,0.075,2.3894,8.100617,1,0
14.081,92,3786.0,1086.0,1225.0,0.0,0.075,2.3894,8.100617,1,0
14.082,92,3786.0,1086.0,1225.0,0.0,0.075,2.3894,8.100617,1,0
14.1,92,3786.0,1086.0,1225.0,0.0,0.075,2.3894,15.220053,1,0
14.126,92,3786.0,1086.0,1225.0,0.0,0.075,2.3894,15.220053,1,0
14.127,92,3786.0,1086.0,1225.0,0.0,0.075,2.3894,15.220053,1,0
14.171,92,3786.0,1086.0,1225.0,0.0,0.075,2.3894,15.220053,1,0
14.179,93,3751.0,1097.0,1232.0,0.037,0.113,1.3404,11.583177,1,0
14.249,93,3751.0,1097.0,1232.0,0.0,0.113,1.3404,15.890249,1,0
14.287,93,3751.0,1097.0,1232.0,0.0,0.113,1.3404,26.685015,1,0
14.293,94,3685.0,1172.0,1218.0,0.1,0.114,3.1579,16.788687,1,0
14.345,94,3685.0,1172.0,1218.0,0.0,0.114,3.1579,16.788687,1,0
14.346,94,3685.0,1172.0,1218.0,0.0,0.114,3.1579,16.788687,1,0
14.351,94,3685.0,1172.0,1218.0,0.0,0.114,3.1579,16.788687,1,0
14.352,94,3685.0,1172.0,1218.0,0.0,0.114,3.1579,16.788687,1,0
14.368,94,3633.0,1240.0,1226.0,0.086,0.075,3.1579,8.723531,1,0
14.398,94,3633.0,1240.0,1226.0,0.0,0.075,3.1579,8.723531,1,0
14.399,94,3633.0,1240.0,1226.0,0.0,0.075,3.1579,8.723531,1,0
14.404,94,3633.0,1240.0,1226.0,0.0,0.075,3.1579,18.886238,1,0
14.442,94,3633.0,1240.0,1226.0,0.0,0.075,3.1579,18.886238,1,0
14.48,95,3590.0,1293.0,1206.0,0.068,0.112,2.9647,12.093387,1,0
14.487,95,3590.0,1293.0,1206.0,0.0,0.112,2.9647,12.093387,1,0
14.488,95,3590.0,1293.0,1206.0,0.0,0.112,2.9647,12.093387,1,0
14.516,95,3590.0,1293.0,1206.0,0.0,0.112,2.9647,23.837156,1,0
14.576,95,3590.0,1293.0,1206.0,0.0,0.112,2.9647,23.837156,1,0
14.577,95,3590.0,1293.0,1206.0,0.0,0.112,2.9647,23.837156,1,0
14.592,95,3590.0,1293.0,1206.0,0.0,0.112,2.9647,23.436723,1,0
14.594,96,3563.0,1378.0,1214.0,0.089,0.114,2.8105,14.727525,1,0
14.622,96,3563.0,1378.0,1214.0,0.0,0.114,2.8105,14.727525,1,0
14.623,96,3563.0,1378.0,1214.0,0.0,0.114,2.8105,14.727525,1,0
14.667,96,3563.0,1378.0,1214.0,0.0,0.114,2.8105,14.727525,1,0
14.668,96,3563.0,1378.0,1214.0,0.0,0.114,2.8105,14.727525,1,0
14.669,96,3532.0,1436.0,1214.0,0.066,0.075,2.8105,8.20061,1,0
14.703,96,3532.0,1436.0,1214.0,0.0,0.075,2.8105,19.184629,1,0
14.712,96,3532.0,1436.0,1214.0,0.0,0.075,2.8105,19.184629,1,0
14.713,96,3532.0,1436.0,1214.0,0.0,0.075,2.8105,19.184629,1,0
14.757,96,3532.0,1436.0,1214.0,0.0,0.075,2.8105,19.184629,1,0
14.758,96,3532.0,1436.0,1214.0,0.0,0.075,2.8105,19.184629,1,0
14.78,97,3511.0,1496.0,1183.0,0.064,0.111,2.5161,13.103435,1,0
14.816,97,3511.0,1496.0,1183.0,0.0,0.111,2.5161,21.112319,1,0
14.847,97,3511.0,1496.0,1183.0,0.0,0.111,2.5161,21.112319,1,0
14.876,97,3511.0,1496.0,1183.0,0.0,0.111,2.5161,29.695117,1,0
14.892,97,3511.0,1496.0,1183.0,0.0,0.111,2.5161,29.695117,1,0
14.893,97,3511.0,1496.0,1183.0,0.0,0.111,2.5161,29.695117,1,0
14.894,97,3511.0,1496.0,1183.0,0.0,0.111,2.5161,29.695117,1,0
14.895,98,3487.0,1539.0,1145.0,0.049,0.115,1.5339,24.777611,1,0
14.97,98,3468.0,1621.0,1141.0,0.084,0.075,1.5339,16.673932,1,0
14.982,98,3468.0,1621.0,1141.0,0.0,0.075,1.5339,16.673932,1,0
14.982,98,3468.0,1621.0,1141.0,0.0,0.075,1.5339,16.673932,1,0
15.0,98,3468.0,1621.0,1141.0,0.0,0.075,1.5339,33.256879,1,0
15.028,98,3468.0,1621.0,1141.0,0.0,0.075,1.5339,33.256879,1,0
15.029,98,3468.0,1621.0,1141.0,0.0,0.075,1.5339,33.256879,1,0
15.072,98,3468.0,1621.0,1141.0,0.0,0.075,1.5339,33.256879,1,0
15.116,98,3468.0,1621.0,1141.0,0.0,0.075,1.5339,46.738635,1,0
15.117,98,3468.0,1621.0,1141.0,0.0,0.075,1.5339,46.738635,1,0
15.119,99,3426.0,1712.0,1160.0,0.1,0.149,2.9571,36.729416,1,0
15.162,99,3426.0,1712.0,1160.0,0.0,0.149,2.9571,36.729416,1,0
15.181,99,3426.0,1712.0,1160.0,0.0,0.149,2.9571,36.507533,1,0
15.193,99,3389.0,1756.0,1145.0,0.057,0.074,2.9571,30.818339,1,0
15.207,99,3389.0,1756.0,1145.0,0.0,0.074,2.9571,30.818339,1,0
15.252,99,3389.0,1756.0,1145.0,0.0,0.074,2.9571,30.818339,1,0
15.253,99,3389.0,1756.0,1145.0,0.0,0.074,2.9571,30.818339,1,0
15.255,100,3329.0,1861.0,1151.0,0.121,0.062,4.7118,18.73019,1,0
15.297,100,3329.0,1861.0,1151.0,0.0,0.062,4.7118,18.73019,1,0
15.298,100,3329.0,1861.0,1151.0,0.0,0.062,4.7118,18.73019,1,0
15.303,100,3329.0,1861.0,1151.0,0.0,0.062,4.7118,28.818917,1,0
15.342,100,3329.0,1861.0,1151.0,0.0,0.062,4.7118,28.818917,1,0
15.377,101,3250.0,1942.0,616.0,0.113,0.122,3.3344,18.183784,1,0
15.409,101,3250.0,1942.0,616.0,0.0,0.122,3.3344,31.567388,1,0
15.431,101,3250.0,1942.0,616.0,0.0,0.122,3.3344,31.567388,1,0
15.432,101,3250.0,1942.0,616.0,0.0,0.122,3.3344,31.567388,1,0
15.433,101,3250.0,1942.0,616.0,0.0,0.122,3.3344,31.567388,1,0
15.477,101,3250.0,1942.0,616.0,0.0,0.122,3.3344,31.567388,1,0
15.478,101,3250.0,1942.0,616.0,0.0,0.122,3.3344,31.567388,1,0
15.49,101,3250.0,1942.0,616.0,0.0,0.122,3.3344,37.108624,1,0
15.495,102,3159.0,2015.0,110.0,0.117,0.118,3.5695,25.885324,1,0
15.521,102,3159.0,2015.0,110.0,0.0,0.118,3.5695,25.885324,1,0
15.522,102,3159.0,2015.0,110.0,0.0,0.118,3.5695,25.885324,1,0
15.564,102,3025.0,2045.0,-339.0,0.137,0.069,3.5695,18.904232,1,0
15.567,102,3025.0,2045.0,-339.0,0.0,0.069,3.5695,18.904232,1,0
15.568,102,3025.0,2045.0,-339.0,0.0,0.069,3.5695,18.904232,1,0
15.597,102,3025.0,2045.0,-339.0,0.0,0.069,3.5695,27.701625,1,0
15.612,102,3025.0,2045.0,-339.0,0.0,0.069,3.5695,27.701625,1,0
15.613,102,3025.0,2045.0,-339.0,0.0,0.069,3.5695,27.701625,1,0
15.657,102,3025.0,2045.0,-339.0,0.0,0.069,3.5695,27.701625,1,0
15.658,102,3025.0,2045.0,-339.0,0.0,0.069,3.5695,27.701625,1,0
15.681,103,2944.0,2070.0,126.0,0.085,0.117,4.2968,23.807562,1,0
15.701,103,2944.0,2070.0,126.0,0.0,0.117,4.2968,23.807562,1,0
15.702,103,2944.0,2070.0,126.0,0.0,0.117,4.2968,23.807562,1,0
15.746,103,2944.0,2070.0,126.0,0.0,0.117,4.2968,23.807562,1,0
15.747,103,2944.0,2070.0,126.0,0.0,0.117,4.2968,23.807562,1,0
15.751,103,2944.0,2070.0,126.0,0.0,0.117,4.2968,30.817203,1,0
15.791,103,2944.0,2070.0,126.0,0.0,0.117,4.2968,27.982316,1,0
15.793,104,2906.0,2100.0,352.0,0.048,0.112,1.5429,23.354871,1,0
15.865,104,2800.0,2149.0,681.0,0.117,0.072,1.5429,14.849242,1,0
15.882,104,2800.0,2149.0,681.0,0.0,0.072,1.5429,14.849242,1,0
15.904,104,2800.0,2149.0,681.0,0.0,0.072,1.5429,27.735356,1,0
15.927,104,2800.0,2149.0,681.0,0.0,0.072,1.5429,27.735356,1,0
15.928,104,2800.0,2149.0,681.0,0.0,0.072,1.5429,27.735356,1,0
15.972,104,2800.0,2149.0,681.0,0.0,0.072,1.5429,27.735356,1,0
15.973,104,2800.0,2149.0,681.0,0.0,0.072,1.5429,27.735356,1,0
15.979,105,2768.0,2172.0,839.0,0.039,0.114,3.0194,24.368012,1,0
16.012,105,2768.0,2172.0,839.0,0.0,0.114,3.0194,23.491275,1,0
16.016,105,2768.0,2172.0,839.0,0.0,0.114,3.0194,23.491275,1,0
16.017,105,2768.0,2172.0,839.0,0.0,0.114,3.0194,23.491275,1,0
16.061,105,2768.0,2172.0,839.0,0.0,0.114,3.0194,23.491275,1,0
16.091,105,2768.0,2172.0,839.0,0.0,0.114,3.0194,22.740712,1,0
16.107,105,2768.0,2172.0,839.0,0.0,0.114,3.0194,22.740712,1,0
16.108,105,2768.0,2172.0,839.0,0.0,0.114,3.0194,22.740712,1,0
16.125,106,2732.0,2162.0,928.0,0.037,0.146,0.9123,19.382982,1,0
16.152,106,2732.0,2162.0,928.0,0.0,0.146,0.9123,19.382982,1,0
16.153,106,2732.0,2162.0,928.0,0.0,0.146,0.9123,19.382982,1,0
16.17,106,2641.0,2144.0,957.0,0.093,0.045,0.9123,11.543396,1,0
16.197,106,2641.0,2144.0,957.0,0.0,0.045,0.9123,11.543396,1,0
16.198,106,2641.0,2144.0,957.0,0.0,0.045,0.9123,11.543396,1,0
16.203,106,2641.0,2144.0,957.0,0.0,0.045,0.9123,17.710167,1,0
16.242,106,2641.0,2144.0,957.0,0.0,0.045,0.9123,17.710167,1,0
16.243,106,2641.0,2144.0,957.0,0.0,0.045,0.9123,17.710167,1,0
16.277,107,2514.0,2105.0,1038.0,0.133,0.107,5.3526,8.598256,1,0
16.287,107,2514.0,2105.0,1038.0,0.0,0.107,5.3526,8.598256,1,0
16.288,107,2514.0,2105.0,1038.0,0.0,0.107,5.3526,8.598256,1,0
16.31,107,2514.0,2105.0,1038.0,0.0,0.107,5.3526,15.370751,1,0
16.331,107,2514.0,2105.0,1038.0,0.0,0.107,5.3526,15.370751,1,0
16.376,107,2514.0,2105.0,1038.0,0.0,0.107,5.3526,15.370751,1,0
16.377,107,2514.0,2105.0,1038.0,0.0,0.107,5.3526,15.370751,1,0
16.378,107,2514.0,2105.0,1038.0,0.0,0.107,5.3526,15.370751,1,0
16.383,107,2514.0,2105.0,1038.0,0.0,0.107,5.3526,25.367105,1,0
16.422,107,2514.0,2105.0,1038.0,0.0,0.107,5.3526,25.367105,1,0
16.423,107,2514.0,2105.0,1038.0,0.0,0.107,5.3526,25.367105,1,0
16.43,108,2437.0,2056.0,1057.0,0.091,0.153,2.1412,16.362457,1,0
16.462,108,2343.0,2012.0,1063.0,0.104,0.032,2.1412,6.063827,1,0
16.471,108,2343.0,2012.0,1063.0,0.0,0.032,2.1412,6.063827,1,0
16.535,108,2343.0,2012.0,1063.0,0.0,0.032,2.1412,16.479381,1,0
16.571,109,2241.0,1942.0,1092.0,0.124,0.109,5.8213,4.916299,1,0
16.601,109,2241.0,1942.0,1092.0,0.0,0.109,5.8213,19.520502,1,0
16.647,109,2241.0,1942.0,1092.0,0.0,0.109,5.8213,19.520502,1,0
16.648,109,2241.0,1942.0,1092.0,0.0,0.109,5.8213,19.520502,1,0
16.648,109,2241.0,1942.0,1092.0,0.0,0.109,5.8213,19.520502,1,0
16.68,109,2241.0,1942.0,1092.0,0.0,0.109,5.8213,25.314423,1,0
16.692,109,2241.0,1942.0,1092.0,0.0,0.109,5.8213,25.314423,1,0
16.693,110,2196.0,1884.0,1089.0,0.073,0.122,2.1541,18.054639,1,0
16.737,110,2196.0,1884.0,1089.0,0.0,0.122,2.1541,18.054639,1,0
16.738,110,2196.0,1884.0,1089.0,0.0,0.122,2.1541,18.054639,1,0
16.77,110,2152.0,1813.0,1109.0,0.084,0.077,2.1541,10.29563,1,0
16.798,110,2152.0,1813.0,1109.0,0.0,0.077,2.1541,17.996111,1,0
16.827,110,2152.0,1813.0,1109.0,0.0,0.077,2.1541,17.996111,1,0
16.88,111,2113.0,1713.0,1114.0,0.107,0.11,3.677,9.786215,1,0
16.916,111,2113.0,1713.0,1114.0,0.0,0.11,3.677,15.402922,1,0
16.917,111,2113.0,1713.0,1114.0,0.0,0.11,3.677,15.402922,1,0
16.918,111,2113.0,1713.0,1114.0,0.0,0.11,3.677,15.402922,1,0
16.919,111,2113.0,1713.0,1114.0,0.0,0.11,3.677,15.402922,1,0
16.962,111,2113.0,1713.0,1114.0,0.0,0.11,3.677,15.402922,1,0
16.976,111,2113.0,1713.0,1114.0,0.0,0.11,3.677,21.692625,1,0
16.996,112,2067.0,1627.0,1150.0,0.098,0.116,3.0414,13.277424,1,0
17.007,112,2067.0,1627.0,1150.0,0.0,0.116,3.0414,13.277424,1,0
17.008,112,2067.0,1627.0,1150.0,0.0,0.116,3.0414,13.277424,1,0
17.052,112,2067.0,1627.0,1150.0,0.0,0.116,3.0414,13.277424,1,0
17.097,112,2067.0,1627.0,1150.0,0.0,0.116,3.0414,13.277424,1,0
17.098,112,2067.0,1627.0,1150.0,0.0,0.116,3.0414,13.277424,1,0
17.099,112,2067.0,1627.0,1150.0,0.0,0.116,3.0414,13.277424,1,0
17.103,113,2010.0,1537.0,1193.0,0.107,0.107,3.6,7.717513,1,0
17.138,113,2010.0,1537.0,1193.0,0.0,0.107,3.6,13.0,1,0
17.171,113,1961.0,1485.0,536.0,0.071,0.068,3.6,6.453681,1,0
17.187,113,1961.0,1485.0,536.0,0.0,0.068,3.6,6.453681,1,0
17.201,113,1961.0,1485.0,536.0,0.0,0.068,3.6,14.983324,1,0
17.232,113,1961.0,1485.0,536.0,0.0,0.068,3.6,14.983324,1,0
17.277,113,1961.0,1485.0,536.0,0.0,0.068,3.6,14.983324,1,0
17.278,113,1961.0,1485.0,536.0,0.0,0.068,3.6,14.983324,1,0
17.28,113,1961.0,1485.0,536.0,0.0,0.068,3.6,23.659248,1,0
17.295,114,1843.0,1440.0,-11.0,0.126,0.124,3.6938,18.725651,1,0
17.355,114,1817.0,1335.0,-376.0,0.108,0.06,3.6938,10.607544,1,0
17.367,114,1817.0,1335.0,-376.0,0.0,0.06,3.6938,10.607544,1,0
17.368,114,1817.0,1335.0,-376.0,0.0,0.06,3.6938,10.607544,1,0
17.399,114,1817.0,1335.0,-376.0,0.0,0.06,3.6938,16.155494,1,0
17.412,114,1817.0,1335.0,-376.0,0.0,0.06,3.6938,16.155494,1,0
17.413,114,1817.0,1335.0,-376.0,0.0,0.06,3.6938,16.155494,1,0
17.457,114,1817.0,1335.0,-376.0,0.0,0.06,3.6938,16.155494,1,0
17.458,114,1817.0,1335.0,-376.0,0.0,0.06,3.6938,16.155494,1,0
17.478,115,1625.0,1282.0,-770.0,0.199,0.123,6.0393,28.879231,1,0
17.512,115,1625.0,1282.0,-770.0,0.0,0.123,6.0393,34.852833,1,0
17.585,115,1625.0,1282.0,-770.0,0.0,0.123,6.0393,34.757014,1,0
17.593,115,1625.0,1282.0,-770.0,0.0,0.123,6.0393,34.757014,1,0
17.594,116,1637.0,1190.0,-925.0,0.093,0.116,2.8862,27.66026,1,0
17.665,116,1654.0,1111.0,-990.0,0.081,0.071,2.8862,22.230834,1,0
17.682,116,1654.0,1111.0,-990.0,0.0,0.071,2.8862,22.230834,1,0
17.683,116,1654.0,1111.0,-990.0,0.0,0.071,2.8862,22.230834,1,0
17.697,116,1654.0,1111.0,-990.0,0.0,0.071,2.8862,20.615528,1,0
17.727,116,1654.0,1111.0,-990.0,0.0,0.071,2.8862,20.615528,1,0
17.728,116,1654.0,1111.0,-990.0,0.0,0.071,2.8862,20.615528,1,0
17.772,116,1654.0,1111.0,-990.0,0.0,0.071,2.8862,20.615528,1,0
17.773,116,1654.0,1111.0,-990.0,0.0,0.071,2.8862,20.615528,1,0
17.777,117,1641.0,1032.0,-1081.0,0.08,0.112,3.1672,18.036075,1,0
17.812,117,1641.0,1032.0,-1081.0,0.0,0.112,3.1672,15.825612,1,0
17.862,117,1641.0,1032.0,-1081.0,0.0,0.112,3.1672,15.825612,1,0
17.863,117,1641.0,1032.0,-1081.0,0.0,0.112,3.1672,15.825612,1,0
17.891,117,1641.0,1032.0,-1081.0,0.0,0.112,3.1672,10.113852,1,0
17.895,118,1591.0,985.0,-1177.0,0.069,0.118,2.1051,9.06973,1,0
17.907,118,1591.0,985.0,-1177.0,0.0,0.118,2.1051,9.06973,1,0
17.908,118,1591.0,985.0,-1177.0,0.0,0.118,2.1051,9.06973,1,0
17.951,118,1591.0,985.0,-1177.0,0.0,0.118,2.1051,9.06973,1,0
17.952,118,1591.0,985.0,-1177.0,0.0,0.118,2.1051,9.06973,1,0
17.963,118,1616.0,934.0,-1198.0,0.057,0.068,2.1051,5.0,1,0
17.997,118,1616.0,934.0,-1198.0,0.0,0.068,2.1051,5.0,1,0
17.998,118,1616.0,934.0,-1198.0,0.0,0.068,2.1051,3.612478,1,0
18.11,118,1616.0,934.0,-1198.0,0.0,0.068,2.1051,14.140014,1,0
18.191,118,1616.0,934.0,-1198.0,0.0,0.068,2.1051,22.772791,1,0
18.194,119,1582.0,943.0,-1225.0,0.035,0.231,1.1077,19.293781,1,0
18.195,119,1534.0,951.0,-1280.0,0.049,0.001,1.1077,14.441953,1,0
18.222,119,1534.0,951.0,-1280.0,0.0,0.001,1.1077,14.441953,1,0
18.223,119,1534.0,951.0,-1280.0,0.0,0.001,1.1077,14.441953,1,0
18.224,119,1534.0,951.0,-1280.0,0.0,0.001,1.1077,14.441953,1,0
18.267,119,1534.0,951.0,-1280.0,0.0,0.001,1.1077,14.441953,1,0
18.268,119,1534.0,951.0,-1280.0,0.0,0.001,1.1077,14.441953,1,0
18.27,119,1443.0,954.0,-1298.0,0.091,0.075,1.1077,5.360037,1,0
18.296,119,1443.0,954.0,-1298.0,0.0,0.075,1.1077,11.894957,1,0
18.312,119,1443.0,954.0,-1298.0,0.0,0.075,1.1077,11.894957,1,0
18.313,119,1443.0,954.0,-1298.0,0.0,0.075,1.1077,11.894957,1,0
18.357,119,1443.0,954.0,-1298.0,0.0,0.075,1.1077,11.894957,1,0
18.358,119,1443.0,954.0,-1298.0,0.0,0.075,1.1077,11.894957,1,0
18.382,120,1400.0,958.0,-1285.0,0.043,0.112,3.5043,7.580237,1,0
18.402,120,1400.0,958.0,-1285.0,0.0,0.112,3.5043,16.137534,1,0
18.403,120,1400.0,958.0,-1285.0,0.0,0.112,3.5043,16.137534,1,0
18.447,120,1400.0,958.0,-1285.0,0.0,0.112,3.5043,16.137534,1,0
18.448,120,1400.0,958.0,-1285.0,0.0,0.112,3.5043,16.137534,1,0
18.48,120,1400.0,958.0,-1285.0,0.0,0.112,3.5043,26.929538,1,0
18.492,120,1400.0,958.0,-1285.0,0.0,0.112,3.5043,26.929538,1,0
18.493,120,1400.0,958.0,-1285.0,0.0,0.112,3.5043,26.929538,1,0
18.495,121,1264.0,963.0,-1315.0,0.136,0.113,4.3327,13.516286,1,0
18.537,121,1264.0,963.0,-1315.0,0.0,0.113,4.3327,13.516286,1,0
18.538,121,1264.0,963.0,-1315.0,0.0,0.113,4.3327,13.516286,1,0
18.555,121,1182.0,983.0,-1335.0,0.084,0.06,4.3327,5.092151,1,0
18.581,121,1182.0,983.0,-1335.0,0.0,0.06,4.3327,5.092151,1,0
18.582,121,1182.0,983.0,-1335.0,0.0,0.06,4.3327,5.092151,1,0
18.603,121,1182.0,983.0,-1335.0,0.0,0.06,4.3327,14.866069,1,0
18.63,121,1182.0,983.0,-1335.0,0.0,0.06,4.3327,14.866069,1,0
18.671,121,1182.0,983.0,-1335.0,0.0,0.06,4.3327,14.866069,1,0
18.672,121,1182.0,983.0,-1335.0,0.0,0.06,4.3327,14.866069,1,0
18.68,122,1105.0,1026.0,-1338.0,0.088,0.125,3.347,6.500769,1,0
18.717,122,1105.0,1026.0,-1338.0,0.0,0.125,3.347,6.500769,1,0
18.718,122,1105.0,1026.0,-1338.0,0.0,0.125,3.347,6.500769,1,0
18.743,122,1105.0,1026.0,-1338.0,0.0,0.125,3.347,12.192621,1,0
18.761,122,1105.0,1026.0,-1338.0,0.0,0.125,3.347,12.192621,1,0
18.762,122,1105.0,1026.0,-1338.0,0.0,0.125,3.347,12.192621,1,0
18.787,122,1105.0,1026.0,-1338.0,0.0,0.125,3.347,18.191207,1,0
18.793,123,1018.0,1064.0,-1352.0,0.095,0.113,3.0265,8.935883,1,0
18.807,123,1018.0,1064.0,-1352.0,0.0,0.113,3.0265,8.935883,1,0
18.808,123,1018.0,1064.0,-1352.0,0.0,0.113,3.0265,8.935883,1,0
18.852,123,1018.0,1064.0,-1352.0,0.0,0.113,3.0265,8.935883,1,0
18.855,123,968.0,1118.0,-1373.0,0.074,0.062,3.0265,6.030755,1,0
18.897,123,968.0,1118.0,-1373.0,0.0,0.062,3.0265,6.030755,1,0
18.898,123,968.0,1118.0,-1373.0,0.0,0.062,3.0265,6.030755,1,0
18.903,123,968.0,1118.0,-1373.0,0.0,0.062,3.0265,4.522168,1,0
18.942,123,968.0,1118.0,-1373.0,0.0,0.062,3.0265,4.522168,1,0
18.943,123,968.0,1118.0,-1373.0,0.0,0.062,3.0265,4.522168,1,0
18.983,124,962.0,1186.0,-1402.0,0.068,0.128,2.6905,9.89798,1,0
19.012,124,962.0,1186.0,-1402.0,0.0,0.128,2.6905,3.801316,1,0
19.032,124,962.0,1186.0,-1402.0,0.0,0.128,2.6905,3.801316,1,0
19.033,124,962.0,1186.0,-1402.0,0.0,0.128,2.6905,3.801316,1,0
19.076,124,962.0,1186.0,-1402.0,0.0,0.128,2.6905,3.801316,1,0
19.077,124,962.0,1186.0,-1402.0,0.0,0.128,2.6905,3.801316,1,0
19.082,124,962.0,1186.0,-1402.0,0.0,0.128,2.6905,19.054658,1,0
19.094,125,902.0,1288.0,-1468.0,0.118,0.111,3.827,7.641989,1,0
19.16,125,863.0,1463.0,-1548.0,0.179,0.066,3.827,10.374006,1,0
19.204,125,863.0,1463.0,-1548.0,0.0,0.066,3.827,5.333854,1,0
19.212,125,863.0,1463.0,-1548.0,0.0,0.066,3.827,5.333854,1,0
19.213,125,863.0,1463.0,-1548.0,0.0,0.066,3.827,5.333854,1,0
19.257,125,863.0,1463.0,-1548.0,0.0,0.066,3.827,5.333854,1,0
19.268,126,851.0,1526.0,-1537.0,0.064,0.108,5.0276,11.738824,1,0
19.301,126,851.0,1526.0,-1537.0,0.0,0.108,5.0276,11.738824,1,0
19.302,126,851.0,1526.0,-1537.0,0.0,0.108,5.0276,11.738824,1,0
19.315,126,851.0,1526.0,-1537.0,0.0,0.108,5.0276,3.104835,1,0
19.348,126,851.0,1526.0,-1537.0,0.0,0.108,5.0276,3.104835,1,0
19.349,126,851.0,1526.0,-1537.0,0.0,0.108,5.0276,3.104835,1,0
19.391,126,851.0,1526.0,-1537.0,0.0,0.108,5.0276,8.668333,1,0
19.394,127,841.0,1551.0,-1457.0,0.027,0.126,0.7714,6.774216,1,0
19.469,127,827.0,1582.0,-1405.0,0.034,0.075,0.7714,5.59464,1,0
19.482,127,827.0,1582.0,-1405.0,0.0,0.075,0.7714,5.59464,1,0
19.483,127,827.0,1582.0,-1405.0,0.0,0.075,0.7714,5.59464,1,0
19.484,127,827.0,1582.0,-1405.0,0.0,0.075,0.7714,5.59464,1,0
19.497,127,827.0,1582.0,-1405.0,0.0,0.075,0.7714,7.021396,1,0
19.526,127,827.0,1582.0,-1405.0,0.0,0.075,0.7714,7.021396,1,0
19.527,127,827.0,1582.0,-1405.0,0.0,0.075,0.7714,7.021396,1,0
19.572,127,827.0,1582.0,-1405.0,0.0,0.075,0.7714,7.021396,1,0
19.573,127,827.0,1582.0,-1405.0,0.0,0.075,0.7714,7.021396,1,0
19.582,128,838.0,1609.0,-723.0,0.029,0.113,1.2064,5.215362,1,0
19.612,128,838.0,1609.0,-723.0,0.0,0.113,1.2064,5.375872,1,0
19.616,128,838.0,1609.0,-723.0,0.0,0.113,1.2064,5.375872,1,0
19.617,128,838.0,1609.0,-723.0,0.0,0.113,1.2064,5.375872,1,0
19.666,128,838.0,1609.0,-723.0,0.0,0.113,1.2064,5.375872,1,0
19.686,128,838.0,1609.0,-723.0,0.0,0.113,1.2064,6.040695,1,0
19.694,129,870.0,1587.0,-154.0,0.039,0.112,1.2536,4.031129,1,0
19.706,129,870.0,1587.0,-154.0,0.0,0.112,1.2536,4.031129,1,0
19.707,129,870.0,1587.0,-154.0,0.0,0.112,1.2536,4.031129,1,0
19.752,129,870.0,1587.0,-154.0,0.0,0.112,1.2536,4.031129,1,0
19.753,129,870.0,1587.0,-154.0,0.0,0.112,1.2536,4.031129,1,0
19.77,129,900.0,1660.0,254.0,0.079,0.076,1.2536,4.404543,1,0
19.797,129,900.0,1660.0,254.0,0.0,0.076,1.2536,1.044031,1,0
19.798,129,900.0,1660.0,254.0,0.0,0.076,1.2536,1.044031,1,0
19.842,129,900.0,1660.0,254.0,0.0,0.076,1.2536,1.044031,1,0
19.843,129,900.0,1660.0,254.0,0.0,0.076,1.2536,1.044031,1,0
19.88,130,926.0,1729.0,546.0,0.074,0.11,2.9613,7.375636,1,0
19.887,130,926.0,1729.0,546.0,0.0,0.11,2.9613,7.375636,1,0
19.888,130,926.0,1729.0,546.0,0.0,0.11,2.9613,7.375636,1,0
19.916,130,926.0,1729.0,546.0,0.0,0.11,2.9613,2.668333,1,0
19.931,130,926.0,1729.0,546.0,0.0,0.11,2.9613,2.668333,1,0
19.932,130,926.0,1729.0,546.0,0.0,0.11,2.9613,2.668333,1,0
19.976,130,926.0,1729.0,546.0,0.0,0.11,2.9613,2.668333,1,0
19.977,130,926.0,1729.0,546.0,0.0,0.11,2.9613,2.668333,1,0
19.987,130,926.0,1729.0,546.0,0.0,0.11,2.9613,4.310452,1,0
19.995,131,942.0,1751.0,748.0,0.027,0.115,0.8452,3.679674,1,0
20.022,131,942.0,1751.0,748.0,0.0,0.115,0.8452,3.679674,1,0
20.023,131,942.0,1751.0,748.0,0.0,0.115,0.8452,3.679674,1,0
20.067,131,942.0,1751.0,748.0,0.0,0.115,0.8452,3.679674,1,0
20.068,131,942.0,1751.0,748.0,0.0,0.115,0.8452,3.679674,1,0
20.07,131,971.0,1778.0,896.0,0.04,0.075,0.8452,5.203845,1,0
20.099,131,971.0,1778.0,896.0,0.0,0.075,0.8452,8.160882,1,0
20.112,131,971.0,1778.0,896.0,0.0,0.075,0.8452,8.160882,1,0
20.113,131,971.0,1778.0,896.0,0.0,0.075,0.8452,8.160882,1,0
20.157,131,971.0,1778.0,896.0,0.0,0.075,0.8452,8.160882,1,0
20.178,132,1014.0,1836.0,1049.0,0.072,0.108,2.2033,12.410077,1,0
20.202,132,1014.0,1836.0,1049.0,0.0,0.108,2.2033,12.410077,1,0
20.212,132,1014.0,1836.0,1049.0,0.0,0.108,2.2033,8.005623,1,0
20.247,132,1014.0,1836.0,1049.0,0.0,0.108,2.2033,8.005623,1,0
20.248,132,1014.0,1836.0,1049.0,0.0,0.108,2.2033,8.005623,1,0
20.249,132,1014.0,1836.0,1049.0,0.0,0.108,2.2033,8.005623,1,0
20.292,133,1125.0,1827.0,1153.0,0.111,0.114,3.5053,12.924782,1,0
20.322,133,1125.0,1827.0,1153.0,0.0,0.114,3.5053,7.983107,1,0
20.337,133,1125.0,1827.0,1153.0,0.0,0.114,3.5053,7.983107,1,0
20.338,133,1125.0,1827.0,1153.0,0.0,0.114,3.5053,7.983107,1,0
20.362,133,1084.0,1855.0,1303.0,0.05,0.07,3.5053,3.860052,1,0
20.382,133,1084.0,1855.0,1303.0,0.0,0.07,3.5053,3.860052,1,0
20.383,133,1084.0,1855.0,1303.0,0.0,0.07,3.5053,3.860052,1,0
20.427,133,1084.0,1855.0,1303.0,0.0,0.07,3.5053,3.860052,1,0
20.428,133,1084.0,1855.0,1303.0,0.0,0.07,3.5053,3.860052,1,0
20.439,133,1084.0,1855.0,1303.0,0.0,0.07,3.5053,6.041523,1,0
20.472,133,1084.0,1855.0,1303.0,0.0,0.07,3.5053,6.041523,1,0
20.473,133,1084.0,1855.0,1303.0,0.0,0.07,3.5053,6.041523,1,0
20.475,134,1208.0,1825.0,1348.0,0.128,0.113,3.5016,9.231468,1,0
20.509,134,1208.0,1825.0,1348.0,0.0,0.113,3.5016,13.532553,1,0
20.517,134,1208.0,1825.0,1348.0,0.0,0.113,3.5016,13.532553,1,0
20.562,134,1208.0,1825.0,1348.0,0.0,0.113,3.5016,13.532553,1,0
20.563,134,1208.0,1825.0,1348.0,0.0,0.113,3.5016,13.532553,1,0
20.564,134,1208.0,1825.0,1348.0,0.0,0.113,3.5016,13.532553,1,0
20.591,135,1320.0,1856.0,1330.0,0.116,0.116,3.6,9.660228,1,0
20.606,135,1320.0,1856.0,1330.0,0.0,0.116,3.6,9.660228,1,0
20.607,135,1320.0,1856.0,1330.0,0.0,0.116,3.6,9.660228,1,0
20.608,135,1320.0,1856.0,1330.0,0.0,0.116,3.6,9.660228,1,0
20.622,135,1320.0,1856.0,1330.0,0.0,0.116,3.6,13.416408,1,0
20.652,135,1320.0,1856.0,1330.0,0.0,0.116,3.6,13.416408,1,0
20.662,135,1389.0,1911.0,1386.0,0.088,0.071,3.6,5.124451,1,0
20.697,135,1389.0,1911.0,1386.0,0.0,0.071,3.6,20.143734,1,0
20.721,135,1389.0,1911.0,1386.0,0.0,0.071,3.6,20.143734,1,0
20.722,135,1389.0,1911.0,1386.0,0.0,0.071,3.6,20.143734,1,0
20.741,135,1389.0,1911.0,1386.0,0.0,0.071,3.6,20.143734,1,0
20.742,135,1389.0,1911.0,1386.0,0.0,0.071,3.6,20.143734,1,0
20.769,136,1489.0,1951.0,1345.0,0.108,0.107,3.964,9.411164,1,0
20.786,136,1489.0,1951.0,1345.0,0.0,0.107,3.964,9.411164,1,0
20.787,136,1489.0,1951.0,1345.0,0.0,0.107,3.964,9.411164,1,0
20.816,136,1489.0,1951.0,1345.0,0.0,0.107,3.964,24.735804,1,0
20.832,136,1489.0,1951.0,1345.0,0.0,0.107,3.964,24.735804,1,0
20.833,136,1489.0,1951.0,1345.0,0.0,0.107,3.964,24.735804,1,0
20.878,136,1489.0,1951.0,1345.0,0.0,0.107,3.964,24.735804,1,0
20.879,136,1489.0,1951.0,1345.0,0.0,0.107,3.964,24.735804,1,0
20.881,136,1489.0,1951.0,1345.0,0.0,0.107,3.964,40.749233,1,0
20.895,137,1602.0,1995.0,1321.0,0.121,0.126,3.4571,28.846664,1,0
20.967,137,1602.0,1995.0,1321.0,0.0,0.126,3.4571,28.846664,1,0
20.968,137,1602.0,1995.0,1321.0,0.0,0.126,3.4571,28.846664,1,0
20.969,137,1602.0,1995.0,1321.0,0.0,0.126,3.4571,28.846664,1,0
21.001,137,1602.0,1995.0,1321.0,0.0,0.126,3.4571,45.371467,1,0
21.012,137,1602.0,1995.0,1321.0,0.0,0.126,3.4571,45.371467,1,0
21.013,137,1602.0,1995.0,1321.0,0.0,0.126,3.4571,45.371467,1,0
21.031,138,1676.0,1995.0,1368.0,0.074,0.136,1.9588,39.023198,1,0
21.057,138,1676.0,1995.0,1368.0,0.0,0.136,1.9588,39.023198,1,0
21.058,138,1676.0,1995.0,1368.0,0.0,0.136,1.9588,39.023198,1,0
21.102,138,1676.0,1995.0,1368.0,0.0,0.136,1.9588,39.023198,1,0
21.106,138,1676.0,1995.0,1368.0,0.0,0.136,1.9588,51.623638,0,0
21.147,138,1676.0,1995.0,1368.0,0.0,0.136,1.9588,51.623638,0,0
21.148,138,1676.0,1995.0,1368.0,0.0,0.136,1.9588,51.623638,0,0
21.15,139,1754.0,2001.0,1408.0,0.078,0.119,2.3597,44.804018,1,1
21.19,139,1754.0,2001.0,1408.0,0.0,0.119,2.3597,56.577469,0,0
21.192,139,1754.0,2001.0,1408.0,0.0,0.119,2.3597,56.577469,0,0
21.193,139,1754.0,2001.0,1408.0,0.0,0.119,2.3597,56.577469,0,0
21.225,139,1836.0,2023.0,1425.0,0.085,0.075,2.3597,48.381091,1,1
21.237,139,1836.0,2023.0,1425.0,0.0,0.075,2.3597,48.381091,1,0
21.238,139,1836.0,2023.0,1425.0,0.0,0.075,2.3597,48.381091,1,0
21.265,140,1884.0,2073.0,1395.0,0.069,0.04,4.8209,41.716783,1,0
21.282,140,1884.0,2073.0,1395.0,0.0,0.04,4.8209,41.716783,1,0
21.283,140,1884.0,2073.0,1395.0,0.0,0.04,4.8209,41.716783,1,0
21.303,140,1884.0,2073.0,1395.0,0.0,0.04,4.8209,51.406712,0,0
21.327,140,1884.0,2073.0,1395.0,0.0,0.04,4.8209,51.406712,0,0
21.372,140,1884.0,2073.0,1395.0,0.0,0.04,4.8209,51.406712,0,0
21.373,140,1884.0,2073.0,1395.0,0.0,0.04,4.8209,51.406712,0,0
21.382,141,1977.0,2139.0,1323.0,0.114,0.117,3.5077,40.754141,1,1
21.409,141,1977.0,2139.0,1323.0,0.0,0.117,3.5077,52.654724,0,0
21.417,141,1977.0,2139.0,1323.0,0.0,0.117,3.5077,52.654724,0,0
21.418,141,1977.0,2139.0,1323.0,0.0,0.117,3.5077,52.654724,0,0
21.462,141,1977.0,2139.0,1323.0,0.0,0.117,3.5077,52.654724,0,0
21.486,141,1977.0,2139.0,1323.0,0.0,0.117,3.5077,64.778469,0,0
21.494,142,2102.0,2148.0,1228.0,0.125,0.112,4.0179,52.455791,0,0
21.507,142,2102.0,2148.0,1228.0,0.0,0.112,4.0179,52.455791,0,0
21.508,142,2102.0,2148.0,1228.0,0.0,0.112,4.0179,52.455791,0,0
21.552,142,2102.0,2148.0,1228.0,0.0,0.112,4.0179,52.455791,0,0
21.553,142,2102.0,2148.0,1228.0,0.0,0.112,4.0179,52.455791,0,0
21.569,142,2214.0,2112.0,1209.0,0.118,0.075,4.0179,40.933238,1,1
21.597,142,2214.0,2112.0,1209.0,0.0,0.075,4.0179,51.30614,0,0
21.598,142,2214.0,2112.0,1209.0,0.0,0.075,4.0179,51.30614,0,0
21.642,142,2214.0,2112.0,1209.0,0.0,0.075,4.0179,51.30614,0,0
21.678,143,2262.0,2086.0,1286.0,0.055,0.109,3.3848,46.134152,1,1
21.687,143,2262.0,2086.0,1286.0,0.0,0.109,3.3848,46.134152,1,0
21.688,143,2262.0,2086.0,1286.0,0.0,0.109,3.3848,46.134152,1,0
21.716,143,2262.0,2086.0,1286.0,0.0,0.109,3.3848,56.344831,0,0
21.768,143,2262.0,2086.0,1286.0,0.0,0.109,3.3848,56.344831,0,0
21.769,143,2262.0,2086.0,1286.0,0.0,0.109,3.3848,56.344831,0,0
21.776,143,2262.0,2086.0,1286.0,0.0,0.109,3.3848,56.344831,0,0
21.777,143,2262.0,2086.0,1286.0,0.0,0.109,3.3848,56.344831,0,0
21.79,144,2325.0,2066.0,1227.0,0.066,0.112,2.1214,49.744648,1,1
21.821,144,2325.0,2066.0,1227.0,0.0,0.112,2.1214,57.609027,0,0
21.862,144,2394.0,2026.0,1122.0,0.08,0.072,2.1214,49.75108,1,1
21.868,144,2394.0,2026.0,1122.0,0.0,0.072,2.1214,49.75108,1,0
21.869,144,2394.0,2026.0,1122.0,0.0,0.072,2.1214,49.75108,1,0
21.912,144,2394.0,2026.0,1122.0,0.0,0.072,2.1214,49.75108,1,0
21.913,144,2394.0,2026.0,1122.0,0.0,0.072,2.1214,49.75108,1,0
21.937,144,2394.0,2026.0,1122.0,0.0,0.072,2.1214,52.364587,0,0
21.957,144,2394.0,2026.0,1122.0,0.0,0.072,2.1214,52.364587,0,0
21.958,144,2394.0,2026.0,1122.0,0.0,0.072,2.1214,52.364587,0,0
22.019,145,2389.0,1971.0,1106.0,0.055,0.157,2.1223,51.564038,0,0
22.047,145,2389.0,1971.0,1106.0,0.0,0.157,2.1223,56.949539,0,0
22.048,145,2389.0,1971.0,1106.0,0.0,0.157,2.1223,56.949539,0,0
22.087,145,2389.0,1971.0,1106.0,0.0,0.157,2.1223,62.338832,0,0
22.091,145,2389.0,1971.0,1106.0,0.0,0.157,2.1223,62.338832,0,0
22.136,145,2389.0,1971.0,1106.0,0.0,0.157,2.1223,62.338832,0,0
22.137,145,2389.0,1971.0,1106.0,0.0,0.157,2.1223,62.338832,0,0
22.138,145,2389.0,1971.0,1106.0,0.0,0.157,2.1223,62.338832,0,0
22.201,145,2389.0,1971.0,1106.0,0.0,0.157,2.1223,65.420563,0,0
22.207,146,2365.0,1973.0,1161.0,0.024,0.188,0.4596,67.725697,0,0
22.208,146,2357.0,1898.0,1169.0,0.075,0.001,0.4596,66.148469,0,0
22.227,146,2357.0,1898.0,1169.0,0.0,0.001,0.4596,66.148469,0,0
22.228,146,2357.0,1898.0,1169.0,0.0,0.001,0.4596,66.148469,0,0
22.272,146,2357.0,1898.0,1169.0,0.0,0.001,0.4596,66.148469,0,0
22.277,146,2313.0,1803.0,1222.0,0.105,0.069,0.4596,68.72154,0,0
22.317,146,2313.0,1803.0,1222.0,0.0,0.069,0.4596,67.28997,0,0
22.318,146,2313.0,1803.0,1222.0,0.0,0.069,0.4596,67.28997,0,0
22.384,146,2313.0,1803.0,1222.0,0.0,0.069,0.4596,69.272,0,0
22.393,147,2316.0,1735.0,1190.0,0.068,0.116,4.8,67.388426,0,0
22.406,147,2316.0,1735.0,1190.0,0.0,0.116,4.8,67.388426,0,0
22.407,147,2316.0,1735.0,1190.0,0.0,0.116,4.8,67.388426,0,0
22.464,147,2297.0,1664.0,1226.0,0.073,0.071,4.8,68.321739,0,0
22.497,147,2297.0,1664.0,1226.0,0.0,0.071,4.8,68.321739,0,0
22.498,147,2297.0,1664.0,1226.0,0.0,0.071,4.8,68.321739,0,0
22.499,147,2297.0,1664.0,1226.0,0.0,0.071,4.8,68.321739,0,0
22.5,147,2297.0,1664.0,1226.0,0.0,0.071,4.8,71.958669,0,0
22.541,147,2297.0,1664.0,1226.0,0.0,0.071,4.8,71.958669,0,0
22.542,147,2297.0,1664.0,1226.0,0.0,0.071,4.8,71.958669,0,0
22.586,147,2297.0,1664.0,1226.0,0.0,0.071,4.8,71.958669,0,0
22.587,147,2297.0,1664.0,1226.0,0.0,0.071,4.8,71.958669,0,0
22.61,147,2297.0,1664.0,1226.0,0.0,0.071,4.8,73.334371,0,0
22.619,148,2255.0,1599.0,1336.0,0.077,0.155,2.3894,75.676284,0,0
22.632,148,2255.0,1599.0,1336.0,0.0,0.155,2.3894,75.676284,0,0
22.633,148,2255.0,1599.0,1336.0,0.0,0.155,2.3894,75.676284,0,0
22.678,148,2255.0,1599.0,1336.0,0.0,0.155,2.3894,75.676284,0,0
22.679,148,2255.0,1599.0,1336.0,0.0,0.155,2.3894,75.676284,0,0
22.685,148,2255.0,1599.0,1336.0,0.0,0.155,2.3894,75.784233,0,0
22.722,148,2255.0,1599.0,1336.0,0.0,0.155,2.3894,75.784233,0,0
22.723,148,2255.0,1599.0,1336.0,0.0,0.155,2.3894,75.784233,0,0
22.729,149,2179.0,1559.0,1418.0,0.086,0.11,2.8145,82.163556,0,0
22.767,149,2179.0,1559.0,1418.0,0.0,0.11,2.8145,82.163556,0,0
22.768,149,2179.0,1559.0,1418.0,0.0,0.11,2.8145,82.163556,0,0
22.77,149,2181.0,1555.0,729.0,0.004,0.041,2.8145,81.884125,0,0
22.8,149,2181.0,1555.0,729.0,0.0,0.041,2.8145,81.537231,0,0
22.817,149,2181.0,1555.0,729.0,0.0,0.041,2.8145,81.537231,0,0
22.857,149,2181.0,1555.0,729.0,0.0,0.041,2.8145,81.537231,0,0
22.858,149,2181.0,1555.0,729.0,0.0,0.041,2.8145,81.537231,0,0
22.859,149,2181.0,1555.0,729.0,0.0,0.041,2.8145,81.537231,0,0
22.877,150,2210.0,1566.0,219.0,0.031,0.107,0.8514,79.072751,0,0
22.902,150,2210.0,1566.0,219.0,0.0,0.107,0.8514,79.072751,0,0
22.903,150,2210.0,1566.0,219.0,0.0,0.107,0.8514,79.072751,0,0
22.916,150,2210.0,1566.0,219.0,0.0,0.107,0.8514,77.680371,0,0
22.947,150,2210.0,1566.0,219.0,0.0,0.107,0.8514,77.680371,0,0
22.948,150,2210.0,1566.0,219.0,0.0,0.107,0.8514,77.680371,0,0
22.988,150,2210.0,1566.0,219.0,0.0,0.107,0.8514,75.858421,0,0
22.992,150,2210.0,1566.0,219.0,0.0,0.107,0.8514,75.858421,0,0
22.993,151,2255.0,1554.0,488.0,0.047,0.116,1.4586,71.220292,0,0
23.037,151,2255.0,1554.0,488.0,0.0,0.116,1.4586,71.220292,0,0
23.038,151,2255.0,1554.0,488.0,0.0,0.116,1.4586,71.220292,0,0
23.081,151,2255.0,1554.0,488.0,0.0,0.116,1.4586,71.220292,0,0
23.082,151,2255.0,1554.0,488.0,0.0,0.116,1.4586,71.220292,0,0
23.1,151,2255.0,1554.0,488.0,0.0,0.116,1.4586,70.728,0,0
23.126,151,2255.0,1554.0,488.0,0.0,0.116,1.4586,70.728,0,0
23.127,151,2255.0,1554.0,488.0,0.0,0.116,1.4586,70.728,0,0
23.139,152,2305.0,1555.0,96.0,0.05,0.146,1.2329,66.109303,0,0
23.171,152,2305.0,1555.0,96.0,0.0,0.146,1.2329,66.109303,0,0
23.172,152,2305.0,1555.0,96.0,0.0,0.146,1.2329,66.109303,0,0
23.182,152,2369.0,1498.0,-203.0,0.086,0.043,1.2329,58.099312,0,0
23.216,152,2369.0,1498.0,-203.0,0.0,0.043,1.2329,57.215819,0,0
23.217,152,2369.0,1498.0,-203.0,0.0,0.043,1.2329,57.215819,0,0
23.218,152,2369.0,1498.0,-203.0,0.0,0.043,1.2329,57.215819,0,0
23.262,152,2369.0,1498.0,-203.0,0.0,0.043,1.2329,57.215819,0,0
23.264,152,2369.0,1498.0,-203.0,0.0,0.043,1.2329,57.215819,0,0
23.29,152,2369.0,1498.0,-203.0,0.0,0.043,1.2329,55.336426,0,0
23.294,153,2445.0,1467.0,-391.0,0.082,0.112,3.9019,47.132685,1,1
23.307,153,2445.0,1467.0,-391.0,0.0,0.112,3.9019,47.132685,1,0
23.308,153,2445.0,1467.0,-391.0,0.0,0.112,3.9019,47.132685,1,0
23.352,153,2445.0,1467.0,-391.0,0.0,0.112,3.9019,47.132685,1,0
23.353,153,2445.0,1467.0,-391.0,0.0,0.112,3.9019,47.132685,1,0
23.362,153,2513.0,1433.0,-532.0,0.076,0.068,3.9019,39.537956,1,0
23.397,153,2513.0,1433.0,-532.0,0.0,0.068,3.9019,39.537956,1,0
23.398,153,2513.0,1433.0,-532.0,0.0,0.068,3.9019,39.537956,1,0
23.399,153,2513.0,1433.0,-532.0,0.0,0.068,3.9019,42.37747,1,0
23.441,153,2513.0,1433.0,-532.0,0.0,0.068,3.9019,42.37747,1,0
23.442,153,2513.0,1433.0,-532.0,0.0,0.068,3.9019,42.37747,1,0
23.481,154,2577.0,1407.0,-638.0,0.069,0.119,2.7914,35.564167,1,0
23.487,154,2577.0,1407.0,-638.0,0.0,0.119,2.7914,35.564167,1,0
23.509,154,2577.0,1407.0,-638.0,0.0,0.119,2.7914,40.460475,1,0
23.532,154,2577.0,1407.0,-638.0,0.0,0.119,2.7914,40.460475,1,0
23.577,154,2577.0,1407.0,-638.0,0.0,0.119,2.7914,40.460475,1,0
23.591,154,2577.0,1407.0,-638.0,0.0,0.119,2.7914,37.54211,1,0
23.595,155,2603.0,1355.0,-715.0,0.058,0.114,1.8316,32.946168,1,0
23.622,155,2603.0,1355.0,-715.0,0.0,0.114,1.8316,32.946168,1,0
23.623,155,2603.0,1355.0,-715.0,0.0,0.114,1.8316,32.946168,1,0
23.667,155,2603.0,1355.0,-715.0,0.0,0.114,1.8316,32.946168,1,0
23.668,155,2603.0,1355.0,-715.0,0.0,0.114,1.8316,32.946168,1,0
23.703,155,2603.0,1355.0,-715.0,0.0,0.114,1.8316,26.686513,1,0
23.708,156,2642.0,1353.0,-782.0,0.039,0.113,1.2425,23.007825,1,0
23.712,156,2642.0,1353.0,-782.0,0.0,0.113,1.2425,23.007825,1,0
23.757,156,2642.0,1353.0,-782.0,0.0,0.113,1.2425,23.007825,1,0
23.758,156,2642.0,1353.0,-782.0,0.0,0.113,1.2425,23.007825,1,0
23.777,156,2651.0,1338.0,-805.0,0.017,0.069,1.2425,21.596759,1,0
23.802,156,2651.0,1338.0,-805.0,0.0,0.069,1.2425,21.596759,1,0
23.803,156,2651.0,1338.0,-805.0,0.0,0.069,1.2425,21.596759,1,0
23.816,156,2651.0,1338.0,-805.0,0.0,0.069,1.2425,17.464249,1,0
23.868,156,2651.0,1338.0,-805.0,0.0,0.069,1.2425,17.464249,1,0
23.891,156,2651.0,1338.0,-805.0,0.0,0.069,1.2425,14.901342,1,0
23.892,156,2651.0,1338.0,-805.0,0.0,0.069,1.2425,14.901342,1,0
23.895,157,2668.0,1331.0,-860.0,0.018,0.118,0.6738,13.209466,1,0
23.936,157,2668.0,1331.0,-860.0,0.0,0.118,0.6738,13.209466,1,0
23.937,157,2668.0,1331.0,-860.0,0.0,0.118,0.6738,13.209466,1,0
23.97,157,2664.0,1282.0,-896.0,0.049,0.075,0.6738,14.63284,1,0
23.982,157,2664.0,1282.0,-896.0,0.0,0.075,0.6738,14.63284,1,0
24.002,157,2664.0,1282.0,-896.0,0.0,0.075,0.6738,14.345034,1,0
24.027,157,2664.0,1282.0,-896.0,0.0,0.075,0.6738,14.345034,1,0
24.028,157,2664.0,1282.0,-896.0,0.0,0.075,0.6738,14.345034,1,0
24.072,157,2664.0,1282.0,-896.0,0.0,0.075,0.6738,14.345034,1,0
24.082,158,2655.0,1281.0,-943.0,0.009,0.112,1.1166,15.143315,1,0
24.112,158,2655.0,1281.0,-943.0,0.0,0.112,1.1166,15.5,1,0
24.116,158,2655.0,1281.0,-943.0,0.0,0.112,1.1166,15.5,1,0
24.117,158,2655.0,1281.0,-943.0,0.0,0.112,1.1166,15.5,1,0
24.162,158,2655.0,1281.0,-943.0,0.0,0.112,1.1166,15.5,1,0
24.186,158,2655.0,1281.0,-943.0,0.0,0.112,1.1166,14.284257,1,0
24.194,159,2648.0,1246.0,-473.0,0.036,0.112,1.1571,17.351081,1,0
24.207,159,2648.0,1246.0,-473.0,0.0,0.112,1.1571,17.351081,1,0
24.208,159,2648.0,1246.0,-473.0,0.0,0.112,1.1571,17.351081,1,0
24.252,159,2648.0,1246.0,-473.0,0.0,0.112,1.1571,17.351081,1,0
24.253,159,2648.0,1246.0,-473.0,0.0,0.112,1.1571,17.351081,1,0
24.269,159,2642.0,1260.0,-587.0,0.015,0.075,1.1571,16.693112,1,0
24.297,159,2642.0,1260.0,-587.0,0.0,0.075,1.1571,16.183943,1,0
24.298,159,2642.0,1260.0,-587.0,0.0,0.075,1.1571,16.183943,1,0
24.342,159,2642.0,1260.0,-587.0,0.0,0.075,1.1571,16.183943,1,0
24.343,159,2642.0,1260.0,-587.0,0.0,0.075,1.1571,16.183943,1,0
24.377,160,2630.0,1261.0,-684.0,0.012,0.108,0.5311,16.907099,1,0
24.387,160,2630.0,1261.0,-684.0,0.0,0.108,0.5311,16.907099,1,0
24.388,160,2630.0,1261.0,-684.0,0.0,0.108,0.5311,16.907099,1,0
24.416,160,2630.0,1261.0,-684.0,0.0,0.108,0.5311,14.718696,1,0
24.432,160,2630.0,1261.0,-684.0,0.0,0.108,0.5311,14.718696,1,0
24.433,160,2630.0,1261.0,-684.0,0.0,0.108,0.5311,14.718696,1,0
24.477,160,2630.0,1261.0,-684.0,0.0,0.108,0.5311,14.718696,1,0
24.487,160,2630.0,1261.0,-684.0,0.0,0.108,0.5311,17.080105,1,0
24.495,161,2614.0,1249.0,-784.0,0.02,0.118,0.6102,19.006578,1,0
24.521,161,2614.0,1249.0,-784.0,0.0,0.118,0.6102,19.006578,1,0
24.522,161,2614.0,1249.0,-784.0,0.0,0.118,0.6102,19.006578,1,0
24.567,161,2614.0,1249.0,-784.0,0.0,0.118,0.6102,19.006578,1,0
24.568,161,2614.0,1249.0,-784.0,0.0,0.118,0.6102,19.006578,1,0
24.604,161,2614.0,1249.0,-784.0,0.0,0.118,0.6102,19.469977,1,0
24.607,162,2580.0,1189.0,-918.0,0.069,0.112,2.2179,26.352988,1,0
24.612,162,2580.0,1189.0,-918.0,0.0,0.112,2.2179,26.352988,1,0
24.613,162,2580.0,1189.0,-918.0,0.0,0.112,2.2179,26.352988,1,0
24.657,162,2580.0,1189.0,-918.0,0.0,0.112,2.2179,26.352988,1,0
24.658,162,2580.0,1189.0,-918.0,0.0,0.112,2.2179,26.352988,1,0
24.681,162,2518.0,1183.0,-1048.0,0.062,0.074,2.2179,30.594117,1,0
24.702,162,2518.0,1183.0,-1048.0,0.0,0.074,2.2179,30.594117,1,0
24.703,162,2518.0,1183.0,-1048.0,0.0,0.074,2.2179,30.594117,1,0
24.71,162,2518.0,1183.0,-1048.0,0.0,0.074,2.2179,26.863358,1,0
24.746,162,2518.0,1183.0,-1048.0,0.0,0.074,2.2179,26.863358,1,0
24.747,162,2518.0,1183.0,-1048.0,0.0,0.074,2.2179,26.863358,1,0
24.791,162,2518.0,1183.0,-1048.0,0.0,0.074,2.2179,24.046829,1,0
24.792,162,2518.0,1183.0,-1048.0,0.0,0.074,2.2179,24.046829,1,0
24.793,162,2518.0,1183.0,-1048.0,0.0,0.074,2.2179,24.046829,1,0
24.794,163,2442.0,1210.0,-1142.0,0.081,0.113,2.7529,27.11826,1,0
24.867,163,2350.0,1154.0,-1268.0,0.108,0.073,2.7529,37.802116,1,0
24.903,163,2350.0,1154.0,-1268.0,0.0,0.073,2.7529,41.011462,1,0
24.913,163,2350.0,1154.0,-1268.0,0.0,0.073,2.7529,41.011462,1,0
24.914,163,2350.0,1154.0,-1268.0,0.0,0.073,2.7529,41.011462,1,0
24.914,163,2350.0,1154.0,-1268.0,0.0,0.073,2.7529,41.011462,1,0
24.926,163,2350.0,1154.0,-1268.0,0.0,0.073,2.7529,41.011462,1,0
24.928,163,2350.0,1154.0,-1268.0,0.0,0.073,2.7529,41.011462,1,0
24.972,163,2350.0,1154.0,-1268.0,0.0,0.073,2.7529,41.011462,1,0
24.973,163,2350.0,1154.0,-1268.0,0.0,0.073,2.7529,41.011462,1,0
24.978,164,2294.0,1156.0,-1339.0,0.056,0.111,3.2087,45.313353,1,0
25.012,164,2294.0,1156.0,-1339.0,0.0,0.111,3.2087,46.900426,1,0
25.062,164,2294.0,1156.0,-1339.0,0.0,0.111,3.2087,46.900426,1,0
25.063,164,2294.0,1156.0,-1339.0,0.0,0.111,3.2087,46.900426,1,0
25.091,164,2294.0,1156.0,-1339.0,0.0,0.111,3.2087,48.272974,1,0
25.095,165,2226.0,1156.0,-1398.0,0.068,0.117,2.0923,54.142405,0,0
25.107,165,2226.0,1156.0,-1398.0,0.0,0.117,2.0923,54.142405,0,0
25.108,165,2226.0,1156.0,-1398.0,0.0,0.117,2.0923,54.142405,0,0
25.152,165,2226.0,1156.0,-1398.0,0.0,0.117,2.0923,54.142405,0,0
25.153,165,2226.0,1156.0,-1398.0,0.0,0.117,2.0923,54.142405,0,0
25.164,165,2190.0,1140.0,-1466.0,0.039,0.069,2.0923,58.070647,0,0
25.196,165,2190.0,1140.0,-1466.0,0.0,0.069,2.0923,57.452937,0,0
25.287,165,2190.0,1140.0,-1466.0,0.0,0.069,2.0923,57.452937,0,0
25.288,165,2190.0,1140.0,-1466.0,0.0,0.069,2.0923,57.452937,0,0
25.289,165,2190.0,1140.0,-1466.0,0.0,0.069,2.0923,57.452937,0,0
25.315,165,2190.0,1140.0,-1466.0,0.0,0.069,2.0923,57.40871,0,0
25.318,166,2260.0,1106.0,-1410.0,0.078,0.154,1.8888,52.690796,0,0
25.378,166,2260.0,1106.0,-1410.0,0.0,0.154,1.8888,52.690796,0,0
25.39,166,2260.0,1106.0,-1410.0,0.0,0.154,1.8888,55.722886,0,0
25.393,166,2316.0,1175.0,-1345.0,0.089,0.075,1.8888,47.762433,1,1
25.422,166,2316.0,1175.0,-1345.0,0.0,0.075,1.8888,47.762433,1,0
25.5,166,2316.0,1175.0,-1345.0,0.0,0.075,1.8888,72.792582,0,0
25.512,166,2316.0,1175.0,-1345.0,0.0,0.075,1.8888,72.792582,0,0
25.513,166,2316.0,1175.0,-1345.0,0.0,0.075,1.8888,72.792582,0,0
25.541,167,2373.0,1286.0,-1388.0,0.125,0.148,3.4547,63.909467,0,0
25.602,167,2373.0,1286.0,-1388.0,0.0,0.148,3.4547,63.909467,0,0
25.611,167,2373.0,1286.0,-1388.0,0.0,0.148,3.4547,98.906269,0,0
25.618,167,2434.0,1295.0,-1348.0,0.062,0.077,3.4547,92.773541,0,0
25.686,167,2434.0,1295.0,-1348.0,0.0,0.077,3.4547,132.475054,0,0
25.728,168,2480.0,1249.0,-1298.0,0.065,0.11,2.4449,128.770338,0,0
25.738,168,2480.0,1249.0,-1298.0,0.0,0.11,2.4449,128.770338,0,0
25.739,168,2480.0,1249.0,-1298.0,0.0,0.11,2.4449,128.770338,0,0
25.802,168,2480.0,1249.0,-1298.0,0.0,0.11,2.4449,171.558882,0,0
25.845,169,2491.0,1236.0,-1297.0,0.017,0.117,0.5231,170.65594,0,0
25.872,169,2491.0,1236.0,-1297.0,0.0,0.117,0.5231,170.65594,0,0
25.875,169,2427.0,1154.0,-1366.0,0.104,0.03,0.5231,178.336564,0,0
25.916,169,2427.0,1154.0,-1366.0,0.0,0.03,0.5231,223.261931,0,0
25.948,169,2427.0,1154.0,-1366.0,0.0,0.03,0.5231,223.261931,0,0
25.961,169,2427.0,1154.0,-1366.0,0.0,0.03,0.5231,223.261931,0,0
25.987,169,2427.0,1154.0,-1366.0,0.0,0.03,0.5231,272.458474,0,0
26.006,169,2427.0,1154.0,-1366.0,0.0,0.03,0.5231,272.458474,0,0
26.029,170,2352.0,1093.0,-1474.0,0.097,0.154,3.9326,280.616464,0,0
26.07,170,2397.0,1053.0,-1393.0,0.06,0.041,3.9326,276.690893,0,0
26.104,170,2397.0,1053.0,-1393.0,0.0,0.041,3.9326,320.61611,0,0
26.141,170,2397.0,1053.0,-1393.0,0.0,0.041,3.9326,320.61611,0,0
26.142,170,2397.0,1053.0,-1393.0,0.0,0.041,3.9326,320.61611,0,0
26.143,170,2397.0,1053.0,-1393.0,0.0,0.041,3.9326,320.61611,0,0
26.18,171,2332.0,994.0,-1511.0,0.088,0.11,3.5285,327.76188,0,0
26.186,171,2332.0,994.0,-1511.0,0.0,0.11,3.5285,327.76188,0,0
26.187,171,2332.0,994.0,-1511.0,0.0,0.11,3.5285,327.76188,0,0
26.216,171,2332.0,994.0,-1511.0,0.0,0.11,3.5285,351.980241,0,0
26.231,171,2332.0,994.0,-1511.0,0.0,0.11,3.5285,351.980241,0,0
26.232,171,2332.0,994.0,-1511.0,0.0,0.11,3.5285,351.980241,0,0
26.277,171,2332.0,994.0,-1511.0,0.0,0.11,3.5285,351.980241,0,0
26.278,171,2332.0,994.0,-1511.0,0.0,0.11,3.5285,351.980241,0,0
26.278,171,2332.0,994.0,-1511.0,0.0,0.11,3.5285,351.980241,0,0
26.291,171,2332.0,994.0,-1511.0,0.0,0.11,3.5285,366.975544,0,0
26.295,172,2391.0,938.0,-1473.0,0.081,0.115,2.5357,361.772663,0,0
26.322,172,2391.0,938.0,-1473.0,0.0,0.115,2.5357,361.772663,0,0
26.363,172,2366.0,899.0,-1512.0,0.046,0.068,2.5357,364.760634,0,0
26.367,172,2366.0,899.0,-1512.0,0.0,0.068,2.5357,364.760634,0,0
26.396,172,2366.0,899.0,-1512.0,0.0,0.068,2.5357,382.996044,0,0
26.412,172,2366.0,899.0,-1512.0,0.0,0.068,2.5357,382.996044,0,0
26.413,172,2366.0,899.0,-1512.0,0.0,0.068,2.5357,382.996044,0,0
26.414,172,2366.0,899.0,-1512.0,0.0,0.068,2.5357,382.996044,0,0
26.457,172,2366.0,899.0,-1512.0,0.0,0.068,2.5357,382.996044,0,0
26.478,173,2338.0,912.0,-1633.0,0.031,0.115,1.5148,385.611955,0,0
26.509,173,2338.0,912.0,-1633.0,0.0,0.115,1.5148,396.68916,0,0
26.547,173,2338.0,912.0,-1633.0,0.0,0.115,1.5148,396.68916,0,0
26.548,173,2338.0,912.0,-1633.0,0.0,0.115,1.5148,396.68916,0,0
26.549,173,2338.0,912.0,-1633.0,0.0,0.115,1.5148,396.68916,0,0
26.591,173,2338.0,912.0,-1633.0,0.0,0.115,1.5148,402.320084,0,0
26.592,173,2338.0,912.0,-1633.0,0.0,0.115,1.5148,402.320084,0,0
26.595,174,2456.0,819.0,-1523.0,0.15,0.117,4.6154,391.935326,0,0
26.636,174,2456.0,819.0,-1523.0,0.0,0.117,4.6154,391.935326,0,0
26.637,174,2456.0,819.0,-1523.0,0.0,0.117,4.6154,391.935326,0,0
26.664,174,2518.0,858.0,-1434.0,0.073,0.069,4.6154,385.22156,0,0
26.682,174,2518.0,858.0,-1434.0,0.0,0.069,4.6154,385.22156,0,0
26.699,174,2518.0,858.0,-1434.0,0.0,0.069,4.6154,391.950061,0,0
26.769,175,2496.0,885.0,-1522.0,0.035,0.105,2.2345,393.751521,0,0
26.772,175,2496.0,885.0,-1522.0,0.0,0.105,2.2345,393.751521,0,0
26.773,175,2496.0,885.0,-1522.0,0.0,0.105,2.2345,393.751521,0,0
26.815,175,2496.0,885.0,-1522.0,0.0,0.105,2.2345,398.554388,0,0
26.817,175,2496.0,885.0,-1522.0,0.0,0.105,2.2345,398.554388,0,0
26.862,175,2496.0,885.0,-1522.0,0.0,0.105,2.2345,398.554388,0,0
26.863,175,2496.0,885.0,-1522.0,0.0,0.105,2.2345,398.554388,0,0
26.881,175,2496.0,885.0,-1522.0,0.0,0.105,2.2345,401.079257,0,0
26.895,176,2596.0,914.0,-1408.0,0.104,0.126,2.9714,390.797467,0,0
26.907,176,2596.0,914.0,-1408.0,0.0,0.126,2.9714,390.797467,0,0
26.908,176,2596.0,914.0,-1408.0,0.0,0.126,2.9714,390.797467,0,0
26.991,176,2596.0,914.0,-1408.0,0.0,0.126,2.9714,390.437767,0,0
26.992,176,2596.0,914.0,-1408.0,0.0,0.126,2.9714,390.437767,0,0
26.993,176,2596.0,914.0,-1408.0,0.0,0.126,2.9714,390.437767,0,0
26.996,176,2596.0,914.0,-1408.0,0.0,0.126,2.9714,390.437767,0,0
26.997,176,2596.0,914.0,-1408.0,0.0,0.126,2.9714,390.437767,0,0
27.007,177,2655.0,953.0,-1405.0,0.071,0.112,2.2821,384.104426,0,0
27.042,177,2655.0,953.0,-1405.0,0.0,0.112,2.2821,384.104426,0,0
27.067,177,2681.0,975.0,-1500.0,0.034,0.06,2.2821,381.266744,0,0
27.087,177,2681.0,975.0,-1500.0,0.0,0.06,2.2821,381.266744,0,0
27.088,177,2681.0,975.0,-1500.0,0.0,0.06,2.2821,381.266744,0,0
27.101,177,2681.0,975.0,-1500.0,0.0,0.06,2.2821,384.489597,0,0
27.132,177,2681.0,975.0,-1500.0,0.0,0.06,2.2821,384.489597,0,0
27.133,177,2681.0,975.0,-1500.0,0.0,0.06,2.2821,384.489597,0,0
27.177,177,2681.0,975.0,-1500.0,0.0,0.06,2.2821,382.795624,0,0
27.178,177,2681.0,975.0,-1500.0,0.0,0.06,2.2821,382.795624,0,0
27.193,178,2745.0,969.0,-1542.0,0.064,0.126,1.8968,376.495485,0,0
27.221,178,2745.0,969.0,-1542.0,0.0,0.126,1.8968,376.495485,0,0
27.222,178,2745.0,969.0,-1542.0,0.0,0.126,1.8968,376.495485,0,0
27.266,178,2745.0,969.0,-1542.0,0.0,0.126,1.8968,376.495485,0,0
27.267,178,2745.0,969.0,-1542.0,0.0,0.126,1.8968,376.495485,0,0
27.273,178,2745.0,969.0,-1542.0,0.0,0.126,1.8968,376.495485,0,0
27.301,178,2745.0,969.0,-1542.0,0.0,0.126,1.8968,375.568263,0,0
27.306,179,2824.0,950.0,-1549.0,0.081,0.113,2.5805,367.913821,0,0
27.311,179,2824.0,950.0,-1549.0,0.0,0.113,2.5805,367.913821,0,0
27.312,179,2824.0,950.0,-1549.0,0.0,0.113,2.5805,367.913821,0,0
27.356,179,2824.0,950.0,-1549.0,0.0,0.113,2.5805,367.913821,0,0
27.357,179,2824.0,950.0,-1549.0,0.0,0.113,2.5805,367.913821,0,0
27.382,179,2914.0,929.0,-1492.0,0.092,0.076,2.5805,359.21115,0,0
27.402,179,2914.0,929.0,-1492.0,0.0,0.076,2.5805,359.21115,0,0
27.409,179,2914.0,929.0,-1492.0,0.0,0.076,2.5805,355.545918,0,0
27.447,179,2914.0,929.0,-1492.0,0.0,0.076,2.5805,355.545918,0,0
27.447,179,2914.0,929.0,-1492.0,0.0,0.076,2.5805,355.545918,0,0
27.486,179,2914.0,929.0,-1492.0,0.0,0.076,2.5805,354.562505,0,0
27.495,180,3005.0,921.0,-1465.0,0.091,0.113,3.4857,345.610908,0,0
27.564,180,3070.0,856.0,-1430.0,0.092,0.069,3.4857,339.981176,0,0
27.597,180,3070.0,856.0,-1430.0,0.0,0.069,3.4857,337.932686,0,0
27.681,181,3129.0,821.0,-763.0,0.069,0.117,3.1161,332.541306,0,0
27.709,181,3129.0,821.0,-763.0,0.0,0.117,3.1161,329.622481,0,0
27.762,181,3129.0,821.0,-763.0,0.0,0.117,3.1161,329.622481,0,0
27.763,181,3129.0,821.0,-763.0,0.0,0.117,3.1161,329.622481,0,0
27.764,181,3129.0,821.0,-763.0,0.0,0.117,3.1161,329.622481,0,0
27.79,181,3129.0,821.0,-763.0,0.0,0.117,3.1161,326.655109,0,0
27.793,182,3197.0,750.0,-252.0,0.098,0.112,3.15,321.022071,0,0
27.807,182,3197.0,750.0,-252.0,0.0,0.112,3.15,321.022071,0,0
27.808,182,3197.0,750.0,-252.0,0.0,0.112,3.15,321.022071,0,0
27.852,182,3197.0,750.0,-252.0,0.0,0.112,3.15,321.022071,0,0
27.864,182,3228.0,663.0,120.0,0.092,0.071,3.15,319.533238,0,0
27.898,182,3228.0,663.0,120.0,0.0,0.071,3.15,319.533238,0,0
27.899,182,3228.0,663.0,120.0,0.0,0.071,3.15,319.533238,0,0
27.904,182,3228.0,663.0,120.0,0.0,0.071,3.15,317.728579,0,0
27.978,183,3250.0,610.0,448.0,0.057,0.114,2.8995,316.647849,0,0
28.01,183,3250.0,610.0,448.0,0.0,0.114,2.8995,315.390456,0,0
28.09,183,3250.0,610.0,448.0,0.0,0.114,2.8995,312.673264,0,0
28.094,184,3272.0,617.0,652.0,0.023,0.116,0.7138,310.373485,0,0
28.169,184,3277.0,580.0,846.0,0.037,0.075,0.7138,310.714853,0,0
28.197,184,3277.0,580.0,846.0,0.0,0.075,0.7138,310.90431,0,0
28.212,184,3277.0,580.0,846.0,0.0,0.075,0.7138,310.90431,0,0
28.277,185,3255.0,582.0,994.0,0.022,0.108,1.1607,312.999441,0,0
28.31,185,3255.0,582.0,994.0,0.0,0.108,1.1607,312.473183,0,0
28.391,185,3255.0,582.0,994.0,0.0,0.108,1.1607,310.921534,0,0
28.394,186,3228.0,537.0,1106.0,0.052,0.117,1.6,314.595391,0,0
28.47,186,3190.0,511.0,487.0,0.046,0.076,1.6,318.910301,0,0
28.499,186,3190.0,511.0,487.0,0.0,0.076,1.6,317.891444,0,0
28.578,187,3155.0,481.0,41.0,0.046,0.108,1.8,322.021148,0,0
28.616,187,3155.0,481.0,41.0,0.0,0.108,1.8,317.383711,0,0
28.681,187,3155.0,481.0,41.0,0.0,0.108,1.8,314.732283,0,0
28.694,188,3091.0,443.0,404.0,0.074,0.116,2.2966,321.891861,0,0
28.76,188,3038.0,424.0,670.0,0.056,0.066,2.2966,327.503481,0,0
28.798,188,3038.0,424.0,670.0,0.0,0.066,2.2966,326.716406,0,0
28.869,189,2977.0,406.0,856.0,0.064,0.109,2.4686,333.074436,0,0
28.916,189,2977.0,406.0,856.0,0.0,0.109,2.4686,339.581301,0,0
28.991,189,2977.0,406.0,856.0,0.0,0.109,2.4686,338.558503,0,0
29.02,190,2938.0,419.0,1012.0,0.041,0.151,0.9775,342.024619,0,0
29.065,190,2911.0,399.0,1050.0,0.034,0.045,0.9775,345.12857,0,0
29.097,190,2911.0,399.0,1050.0,0.0,0.045,0.9775,341.346232,0,0
29.168,191,2841.0,388.0,1149.0,0.071,0.103,2.5541,348.402669,0,0
29.215,191,2841.0,388.0,1149.0,0.0,0.103,2.5541,349.372609,0,0
29.281,191,2841.0,388.0,1149.0,0.0,0.103,2.5541,347.02046,0,0
29.293,192,2762.0,364.0,1185.0,0.083,0.125,2.3904,355.266224,0,0
29.363,192,2682.0,352.0,558.0,0.081,0.07,2.3904,363.319598,0,0
29.404,192,2682.0,352.0,558.0,0.0,0.07,2.3904,373.381574,0,0
29.481,193,2591.0,366.0,73.0,0.092,0.118,3.3128,381.924508,0,0
29.509,193,2591.0,366.0,73.0,0.0,0.118,3.3128,383.679358,0,0
29.59,193,2591.0,366.0,73.0,0.0,0.118,3.3128,379.278499,0,0
29.629,194,2526.0,366.0,-292.0,0.065,0.148,1.5811,385.617077,0,0
29.667,194,2467.0,383.0,-549.0,0.061,0.038,1.5811,391.010754,0,0
29.7,194,2467.0,383.0,-549.0,0.0,0.038,1.5811,387.365473,0,0
29.778,195,2397.0,371.0,-714.0,0.071,0.111,3.1893,394.460657,0,0
29.809,195,2397.0,371.0,-714.0,0.0,0.111,3.1893,392.03042,0,0
29.891,195,2397.0,371.0,-714.0,0.0,0.111,3.1893,398.224384,0,0
29.895,196,2354.0,402.0,-856.0,0.053,0.117,1.6308,401.804032,0,0
29.963,196,2284.0,450.0,-996.0,0.085,0.068,1.6308,407.756839,0,0
29.997,196,2284.0,450.0,-996.0,0.0,0.068,1.6308,414.085595,0,0
30.057,196,2284.0,450.0,-996.0,0.0,0.068,1.6308,414.085595,0,0
30.058,196,2284.0,450.0,-996.0,0.0,0.068,1.6308,414.085595,0,0
30.077,197,2231.0,522.0,-1065.0,0.089,0.114,3.4418,418.067279,0,0
30.113,197,2231.0,522.0,-1065.0,0.0,0.114,3.4418,422.755934,0,0
30.191,197,2231.0,522.0,-1065.0,0.0,0.114,3.4418,430.826415,0,0
30.195,198,2177.0,601.0,-1115.0,0.096,0.118,2.9288,434.969666,0,0
30.264,198,2147.0,659.0,-1161.0,0.065,0.069,2.9288,437.162956,0,0
30.282,198,2147.0,659.0,-1161.0,0.0,0.069,2.9288,437.162956,0,0
30.304,198,2147.0,659.0,-1161.0,0.0,0.069,2.9288,436.542381,0,0
30.381,199,2107.0,733.0,-1215.0,0.084,0.117,2.8839,439.639182,0,0
30.409,199,2107.0,733.0,-1215.0,0.0,0.117,2.8839,430.838462,0,0
30.417,199,2107.0,733.0,-1215.0,0.0,0.117,2.8839,430.838462,0,0
30.484,199,2107.0,733.0,-1215.0,0.0,0.117,2.8839,438.409409,0,0
30.493,200,2087.0,785.0,-1282.0,0.056,0.112,1.8,439.886906,0,0
30.57,200,2094.0,869.0,-1309.0,0.084,0.077,1.8,438.491254,0,0
30.599,200,2094.0,869.0,-1309.0,0.0,0.077,1.8,431.80227,0,0
30.678,201,2068.0,945.0,-1328.0,0.08,0.108,3.1914,433.897914,0,0
30.711,201,2068.0,945.0,-1328.0,0.0,0.108,3.1914,427.660917,0,0
30.776,201,2068.0,945.0,-1328.0,0.0,0.108,3.1914,427.660917,0,0
30.78,201,2068.0,945.0,-1328.0,0.0,0.108,3.1914,431.142958,0,0
30.795,202,2058.0,1032.0,-1377.0,0.088,0.117,2.7077,431.719261,0,0
30.822,202,2058.0,1032.0,-1377.0,0.0,0.117,2.7077,431.719261,0,0
30.823,202,2058.0,1032.0,-1377.0,0.0,0.117,2.7077,431.719261,0,0
30.855,202,2047.0,1132.0,-1388.0,0.101,0.06,2.7077,432.550355,0,0
30.889,202,2047.0,1132.0,-1388.0,0.0,0.06,2.7077,426.638078,0,0
30.912,202,2047.0,1132.0,-1388.0,0.0,0.06,2.7077,426.638078,0,0
30.958,202,2047.0,1132.0,-1388.0,0.0,0.06,2.7077,426.638078,0,0
30.959,202,2047.0,1132.0,-1388.0,0.0,0.06,2.7077,426.638078,0,0
30.982,203,2053.0,1238.0,-1372.0,0.106,0.127,3.985,426.02818,0,0
31.002,203,2053.0,1238.0,-1372.0,0.0,0.127,3.985,426.02818,0,0
31.012,203,2053.0,1238.0,-1372.0,0.0,0.127,3.985,422.132029,0,0
31.046,203,2053.0,1238.0,-1372.0,0.0,0.127,3.985,422.132029,0,0
31.047,203,2053.0,1238.0,-1372.0,0.0,0.127,3.985,422.132029,0,0
31.081,203,2053.0,1238.0,-1372.0,0.0,0.127,3.985,421.62296,0,0
31.091,203,2053.0,1238.0,-1372.0,0.0,0.127,3.985,421.62296,0,0
31.092,203,2053.0,1238.0,-1372.0,0.0,0.127,3.985,421.62296,0,0
31.095,204,2051.0,1368.0,-1414.0,0.13,0.113,4.1416,422.158738,0,0
31.137,204,2051.0,1368.0,-1414.0,0.0,0.113,4.1416,422.158738,0,0
31.155,204,2057.0,1461.0,-1415.0,0.093,0.06,4.1416,422.045412,0,0
31.189,204,2057.0,1461.0,-1415.0,0.0,0.06,4.1416,421.197068,0,0
31.269,205,2046.0,1547.0,-1430.0,0.087,0.114,3.7241,422.909565,0,0
31.315,205,2046.0,1547.0,-1430.0,0.0,0.114,3.7241,421.26621,0,0
31.388,205,2046.0,1547.0,-1430.0,0.0,0.114,3.7241,418.815138,0,0
31.393,206,2046.0,1618.0,-1461.0,0.071,0.124,2.0613,419.457996,0,0
31.451,206,2046.0,1618.0,-1461.0,0.0,0.124,2.0613,419.457996,0,0
31.462,206,2080.0,1674.0,-746.0,0.066,0.069,2.0613,416.670625,0,0
31.497,206,2080.0,1674.0,-746.0,0.0,0.069,2.0613,416.31864,0,0
31.577,207,2101.0,1747.0,-178.0,0.076,0.115,2.7783,415.132858,0,0
31.587,207,2101.0,1747.0,-178.0,0.0,0.115,2.7783,415.132858,0,0
31.588,207,2101.0,1747.0,-178.0,0.0,0.115,2.7783,415.132858,0,0
31.616,207,2101.0,1747.0,-178.0,0.0,0.115,2.7783,414.723161,0,0
31.632,207,2101.0,1747.0,-178.0,0.0,0.115,2.7783,414.723161,0,0
31.677,207,2101.0,1747.0,-178.0,0.0,0.115,2.7783,414.723161,0,0
31.678,207,2101.0,1747.0,-178.0,0.0,0.115,2.7783,414.723161,0,0
31.691,207,2101.0,1747.0,-178.0,0.0,0.115,2.7783,413.487666,0,0
31.694,208,2118.0,1809.0,265.0,0.064,0.117,1.9692,412.678204,0,0
31.722,208,2118.0,1809.0,265.0,0.0,0.117,1.9692,412.678204,0,0
31.723,208,2118.0,1809.0,265.0,0.0,0.117,1.9692,412.678204,0,0
31.764,208,2139.0,1904.0,622.0,0.097,0.07,1.9692,412.126971,0,0
31.766,208,2139.0,1904.0,622.0,0.0,0.07,1.9692,412.126971,0,0
31.767,208,2139.0,1904.0,622.0,0.0,0.07,1.9692,412.126971,0,0
31.797,208,2139.0,1904.0,622.0,0.0,0.07,1.9692,426.714378,0,0
31.812,208,2139.0,1904.0,622.0,0.0,0.07,1.9692,426.714378,0,0
31.857,208,2139.0,1904.0,622.0,0.0,0.07,1.9692,426.714378,0,0
31.858,208,2139.0,1904.0,622.0,0.0,0.07,1.9692,426.714378,0,0
31.881,209,2193.0,1925.0,845.0,0.058,0.117,2.984,421.739552,0,0
31.902,209,2193.0,1925.0,845.0,0.0,0.117,2.984,421.739552,0,0
31.916,209,2193.0,1925.0,845.0,0.0,0.117,2.984,423.761442,0,0
31.947,209,2193.0,1925.0,845.0,0.0,0.117,2.984,423.761442,0,0
31.948,209,2193.0,1925.0,845.0,0.0,0.117,2.984,423.761442,0,0
31.986,209,2193.0,1925.0,845.0,0.0,0.117,2.984,421.967416,0,0
31.995,210,2270.0,1939.0,1027.0,0.078,0.114,2.4632,414.623359,0,0
32.036,210,2270.0,1939.0,1027.0,0.0,0.114,2.4632,414.623359,0,0
32.037,210,2270.0,1939.0,1027.0,0.0,0.114,2.4632,414.623359,0,0
32.064,210,2464.0,1716.0,1141.0,0.296,0.069,2.4632,392.053058,0,0
32.082,210,2464.0,1716.0,1141.0,0.0,0.069,2.4632,392.053058,0,0
32.083,210,2464.0,1716.0,1141.0,0.0,0.069,2.4632,392.053058,0,0
