ACCELEROMETER X (m/s²),ACCELEROMETER Y (m/s²),ACCELEROMETER Z (m/s²),GRAVITY X (m/s²),GRAVITY Y (m/s²),GRAVITY Z (m/s²),LINEAR ACCELERATION X (m/s²),LINEAR ACCELERATION Y (m/s²),LINEAR ACCELERATION Z (m/s²),GYROSCOPE X (rad/s),GYROSCOPE Y (rad/s),GYROSCOPE Z (rad/s),MAGNETIC FIELD X (μT),MAGNETIC FIELD Y (μT),MAGNETIC FIELD Z (μT),ORIENTATION Z (azimuth °),ORIENTATION X (pitch °),ORIENTATION Y (roll °),LOCATION Latitude : ,LOCATION Longitude : ,LOCATION Altitude ( m),LOCATION Altitude-google ( m),LOCATION Speed ( Kmh),LOCATION Accuracy ( m),LOCATION ORIENTATION (°),Satellites in range,GPS NMEA,Time since start in ms ,YYYY-MO-DD HH-MI-SS_SSS
0.16,0.7911,9.1887,-0.5525,0.6516,9.7694,-0.1791,0.1939,0.5447,0.3214,0.3168,-0.3065,15.98,-1.57,-38.62,272.71,-3.81,3.24,48.843887,2.353351,95.2,NaN,,11.476,,0 / 20,,17,2022-01-11 15:00:26:824
0.16,0.7911,9.1887,-0.5525,0.6516,9.7694,-0.1791,0.1939,0.5447,0.3214,0.3168,-0.3065,15.98,-1.57,-38.62,272.71,-3.81,3.24,48.843887,2.353351,95.2,NaN,,11.476,,0 / 20,,22,2022-01-11 15:00:26:829
0.16,0.7911,9.1887,-0.5525,0.6516,9.7694,-0.1791,0.1939,0.5447,0.3214,0.3168,-0.3065,15.98,-1.57,-38.62,272.71,-3.81,3.24,48.843887,2.353351,95.2,NaN,,11.476,,0 / 20,,26,2022-01-11 15:00:26:833
0.16,0.7911,9.1887,-0.5525,0.6516,9.7694,-0.1791,0.1939,0.5447,0.3214,0.3168,-0.3065,15.98,-1.57,-38.62,272.71,-3.81,3.24,48.843887,2.353351,95.2,NaN,,11.476,,0 / 20,,32,2022-01-11 15:00:26:839
0.16,0.7911,9.1887,-0.5525,0.6516,9.7694,-0.1791,0.1939,0.5447,0.3214,0.3168,-0.3065,15.98,-1.57,-38.62,272.71,-3.81,3.24,48.843887,2.353351,95.2,NaN,,11.476,,0 / 20,,37,2022-01-11 15:00:26:844
0.16,0.7911,9.1887,-0.5525,0.6516,9.7694,-0.1791,0.1939,0.5447,0.3214,0.3168,-0.3065,15.98,-1.57,-38.62,272.71,-3.81,3.24,48.843887,2.353351,95.2,NaN,,11.476,,0 / 20,,41,2022-01-11 15:00:26:848
-0.7908,0.9434,9.6679,-0.8608,0.941,9.7234,-0.1791,0.1939,0.5447,0.3214,0.3168,-0.3065,15.98,-1.57,-38.62,272.71,-3.81,3.24,48.843887,2.353351,95.2,NaN,,11.476,,0 / 20,,47,2022-01-11 15:00:26:854
-0.7908,0.9434,9.6679,-0.8608,0.941,9.7234,0.6468,-0.5265,-0.0299,0.3214,0.3168,-0.3065,15.98,-1.57,-38.62,272.71,-3.81,3.24,48.843887,2.353351,95.2,NaN,,11.476,,0 / 20,,52,2022-01-11 15:00:26:859
-0.7908,0.9434,9.6679,-0.8608,0.941,9.7234,0.6468,-0.5265,-0.0299,0.3214,0.3168,-0.3065,15.98,-1.57,-38.62,272.71,-3.81,3.24,48.843887,2.353351,95.2,NaN,,11.476,,0 / 20,,58,2022-01-11 15:00:26:865
-0.7908,0.9434,9.6679,-0.8608,0.941,9.7234,0.6468,-0.5265,-0.0299,0.3214,0.3168,-0.3065,15.98,-1.57,-38.62,272.71,-3.81,3.24,48.843887,2.353351,95.2,NaN,,11.476,,0 / 20,,62,2022-01-11 15:00:26:869
-0.7908,0.9434,9.6679,-0.8608,0.941,9.7234,0.6468,-0.5265,-0.0299,0.3214,0.3168,-0.3065,15.98,-1.57,-38.62,272.71,-3.81,3.24,48.843887,2.353351,95.2,NaN,,11.476,,0 / 20,,68,2022-01-11 15:00:26:875
-0.7908,0.9434,9.6679,-0.8608,0.941,9.7234,0.6468,-0.5265,-0.0299,0.3214,0.3168,-0.3065,15.98,-1.57,-38.62,272.71,-3.81,3.24,48.843887,2.353351,95.2,NaN,,11.476,,0 / 20,,72,2022-01-11 15:00:26:879
-0.7908,0.9434,9.6679,-0.8608,0.941,9.7234,0.6468,-0.5265,-0.0299,0.3214,0.3168,-0.3065,15.98,-1.57,-38.62,272.71,-3.81,3.24,48.843887,2.353351,95.2,NaN,,11.476,,0 / 20,,76,2022-01-11 15:00:26:883
-0.7908,0.9434,9.6679,-0.8608,0.941,9.7234,0.6468,-0.5265,-0.0299,0.3214,0.3168,-0.3065,15.98,-1.57,-38.62,272.71,-3.81,3.24,48.843887,2.353351,95.2,NaN,,11.476,,0 / 20,,81,2022-01-11 15:00:26:888
-0.7908,0.9434,9.6679,-0.8608,0.941,9.7234,0.6468,-0.5265,-0.0299,0.3214,0.3168,-0.3065,15.98,-1.57,-38.62,272.71,-3.81,3.24,48.843887,2.353351,95.2,NaN,,11.476,,0 / 20,,87,2022-01-11 15:00:26:894
-0.7908,0.9434,9.6679,-0.8608,0.941,9.7234,0.6468,-0.5265,-0.0299,0.3214,0.3168,-0.3065,15.98,-1.57,-38.62,272.71,-3.81,3.24,48.843887,2.353351,95.2,NaN,,11.476,,0 / 20,,93,2022-01-11 15:00:26:900
-0.7908,0.9434,9.6679,-0.8608,0.941,9.7234,0.6468,-0.5265,-0.0299,0.3214,0.3168,-0.3065,15.98,-1.57,-38.62,272.71,-3.81,3.24,48.843887,2.353351,95.2,NaN,,11.476,,0 / 20,,98,2022-01-11 15:00:26:905
-0.7908,0.9434,9.6679,-0.8608,0.941,9.7234,0.6468,-0.5265,-0.0299,0.3214,0.3168,-0.3065,15.98,-1.57,-38.62,272.71,-3.81,3.24,48.843887,2.353351,95.2,NaN,,11.476,,0 / 20,,102,2022-01-11 15:00:26:909
-0.9239,0.7804,9.0461,-0.8608,0.941,9.7234,0.6468,-0.5265,-0.0299,0.3214,0.3168,-0.3065,16.65,-1.5,-38.18,281.57,-5.51,5.06,48.843887,2.353351,95.2,NaN,,11.476,,0 / 20,,108,2022-01-11 15:00:26:915
-0.9239,0.7804,9.0461,-1.0196,0.566,9.7371,0.1926,0.5472,-0.4301,0.3214,0.3168,-0.3065,16.65,-1.5,-38.18,281.57,-5.51,5.06,48.843887,2.353351,95.2,NaN,,11.476,,0 / 20,,112,2022-01-11 15:00:26:919
-0.9239,0.7804,9.0461,-1.0196,0.566,9.7371,0.1926,0.5472,-0.4301,0.3214,0.3168,-0.3065,16.65,-1.5,-38.18,281.57,-5.51,5.06,48.843887,2.353351,95.2,NaN,,11.476,,0 / 20,,116,2022-01-11 15:00:26:923
-0.9239,0.7804,9.0461,-1.0196,0.566,9.7371,0.1926,0.5472,-0.4301,0.3214,0.3168,-0.3065,16.65,-1.5,-38.18,281.57,-5.51,5.06,48.843887,2.353351,95.2,NaN,,11.476,,0 / 20,,121,2022-01-11 15:00:26:928
-0.9239,0.7804,9.0461,-1.0196,0.566,9.7371,0.1926,0.5472,-0.4301,0.3214,0.3168,-0.3065,16.65,-1.5,-38.18,281.57,-5.51,5.06,48.843887,2.353351,95.2,NaN,,11.476,,0 / 20,,126,2022-01-11 15:00:26:933
-0.9239,0.7804,9.0461,-1.0196,0.566,9.7371,0.1926,0.5472,-0.4301,-0.758,0.5984,0.1124,16.65,-1.5,-38.18,281.57,-5.51,5.06,48.843887,2.353351,95.2,NaN,,11.476,,0 / 20,,131,2022-01-11 15:00:26:938
-0.9239,0.7804,9.0461,-1.0196,0.566,9.7371,0.1926,0.5472,-0.4301,-0.758,0.5984,0.1124,16.65,-1.5,-38.18,281.57,-5.51,5.06,48.843887,2.353351,95.2,NaN,,11.476,,0 / 20,,136,2022-01-11 15:00:26:943
-0.9239,0.7804,9.0461,-1.0196,0.566,9.7371,0.1926,0.5472,-0.4301,-0.758,0.5984,0.1124,16.65,-1.5,-38.18,281.57,-5.51,5.06,48.843887,2.353351,95.2,NaN,,11.476,,0 / 20,,141,2022-01-11 15:00:26:948
-0.9239,0.7804,9.0461,-1.0196,0.566,9.7371,0.1926,0.5472,-0.4301,-0.758,0.5984,0.1124,16.65,-1.5,-38.18,281.57,-5.51,5.06,48.843887,2.353351,95.2,NaN,,11.476,,0 / 20,,147,2022-01-11 15:00:26:954
-0.9239,0.7804,9.0461,-1.0196,0.566,9.7371,0.1926,0.5472,-0.4301,-0.758,0.5984,0.1124,16.65,-1.5,-38.18,281.57,-5.51,5.06,48.843887,2.353351,95.2,NaN,,11.476,,0 / 20,,152,2022-01-11 15:00:26:959
-0.9239,0.7804,9.0461,-1.0196,0.566,9.7371,0.1926,0.5472,-0.4301,-0.758,0.5984,0.1124,16.65,-1.5,-38.18,281.57,-5.51,5.06,48.843887,2.353351,95.2,NaN,,11.476,,0 / 20,,157,2022-01-11 15:00:26:964
-0.9239,0.7804,9.0461,-1.0196,0.566,9.7371,0.1926,0.5472,-0.4301,-0.758,0.5984,0.1124,16.65,-1.5,-38.18,281.57,-5.51,5.06,48.843887,2.353351,95.2,NaN,,11.476,,0 / 20,,161,2022-01-11 15:00:26:968
-0.9239,0.7804,9.0461,-1.0196,0.566,9.7371,0.1926,0.5472,-0.4301,-0.758,0.5984,0.1124,16.65,-1.5,-38.18,281.57,-5.51,5.06,48.843887,2.353351,95.2,NaN,,11.476,,0 / 20,,167,2022-01-11 15:00:26:974
-0.9239,0.7804,9.0461,-1.0196,0.566,9.7371,0.1926,0.5472,-0.4301,-0.758,0.5984,0.1124,16.65,-1.5,-38.18,281.57,-5.51,5.06,48.843887,2.353351,95.2,NaN,,11.476,,0 / 20,,172,2022-01-11 15:00:26:979
-1.8724,0.2426,10.0774,-1.4828,0.2238,9.6913,0.236,0.3934,-0.3004,-0.758,0.5984,0.1124,16.65,-1.5,-38.18,281.57,-5.51,5.06,48.843887,2.353351,95.2,NaN,,11.476,,0 / 20,,176,2022-01-11 15:00:26:983
-1.8724,0.2426,10.0774,-1.4828,0.2238,9.6913,0.236,0.3934,-0.3004,-0.758,0.5984,0.1124,16.65,-1.5,-38.18,281.57,-5.51,5.06,48.843887,2.353351,95.2,NaN,,11.476,,0 / 20,,181,2022-01-11 15:00:26:988
-1.8724,0.2426,10.0774,-1.4828,0.2238,9.6913,0.236,0.3934,-0.3004,-0.758,0.5984,0.1124,16.65,-1.5,-38.18,281.57,-5.51,5.06,48.843887,2.353351,95.2,NaN,,11.476,,0 / 20,,187,2022-01-11 15:00:26:994
-1.8724,0.2426,10.0774,-1.4828,0.2238,9.6913,0.236,0.3934,-0.3004,-0.758,0.5984,0.1124,16.65,-1.5,-38.18,281.57,-5.51,5.06,48.843887,2.353351,95.2,NaN,,11.476,,0 / 20,,193,2022-01-11 15:00:27:000
-1.8724,0.2426,10.0774,-1.4828,0.2238,9.6913,0.236,0.3934,-0.3004,-0.758,0.5984,0.1124,16.65,-1.5,-38.18,281.57,-5.51,5.06,48.843887,2.353351,95.2,NaN,,11.476,,0 / 20,,197,2022-01-11 15:00:27:004
-1.8724,0.2426,10.0774,-1.4828,0.2238,9.6913,0.236,0.3934,-0.3004,-0.758,0.5984,0.1124,17.33,-1.35,-37.57,269.57,-1.31,8.7,48.843887,2.353351,95.2,NaN,,11.476,,0 / 20,,202,2022-01-11 15:00:27:009
-1.8724,0.2426,10.0774,-1.4828,0.2238,9.6913,0.236,0.3934,-0.3004,-0.758,0.5984,0.1124,17.33,-1.35,-37.57,269.57,-1.31,8.7,48.843887,2.353351,95.2,NaN,,11.476,,0 / 20,,207,2022-01-11 15:00:27:014
-1.8724,0.2426,10.0774,-1.4828,0.2238,9.6913,0.236,0.3934,-0.3004,-0.758,0.5984,0.1124,17.33,-1.35,-37.57,269.57,-1.31,8.7,48.843887,2.353351,95.2,NaN,,11.476,,0 / 20,,211,2022-01-11 15:00:27:018
-1.8724,0.2426,10.0774,-1.4828,0.2238,9.6913,0.236,0.3934,-0.3004,-0.758,0.5984,0.1124,17.33,-1.35,-37.57,269.57,-1.31,8.7,48.843887,2.353351,95.2,NaN,,11.476,,0 / 20,,217,2022-01-11 15:00:27:024
-1.8724,0.2426,10.0774,-1.4828,0.2238,9.6913,0.236,0.3934,-0.3004,-0.758,0.5984,0.1124,17.33,-1.35,-37.57,269.57,-1.31,8.7,48.843887,2.353351,95.2,NaN,,11.476,,0 / 20,,222,2022-01-11 15:00:27:029
-1.8724,0.2426,10.0774,-1.4828,0.2238,9.6913,0.236,0.3934,-0.3004,-0.758,0.5984,0.1124,17.33,-1.35,-37.57,269.57,-1.31,8.7,48.843887,2.353351,95.2,NaN,,11.476,,0 / 20,,226,2022-01-11 15:00:27:033
-1.8724,0.2426,10.0774,-1.4828,0.2238,9.6913,0.236,0.3934,-0.3004,-0.758,0.5984,0.1124,17.33,-1.35,-37.57,269.57,-1.31,8.7,48.843887,2.353351,95.2,NaN,,11.476,,0 / 20,,234,2022-01-11 15:00:27:041
-1.8724,0.2426,10.0774,-1.4828,0.2238,9.6913,0.236,0.3934,-0.3004,-0.758,0.5984,0.1124,17.33,-1.35,-37.57,269.57,-1.31,8.7,48.843887,2.353351,95.2,NaN,,11.476,,0 / 20,,237,2022-01-11 15:00:27:044
-1.8724,0.2426,10.0774,-1.4828,0.2238,9.6913,0.236,0.3934,-0.3004,-0.758,0.5984,0.1124,17.33,-1.35,-37.57,269.57,-1.31,8.7,48.843887,2.353351,95.2,NaN,,11.476,,0 / 20,,241,2022-01-11 15:00:27:048
-1.4498,-0.1968,9.4941,-1.8135,0.1975,9.6355,-0.022,0.0024,0.3886,-0.758,0.5984,0.1124,17.33,-1.35,-37.57,269.57,-1.31,8.7,48.843887,2.353351,95.2,NaN,,11.476,,0 / 20,,246,2022-01-11 15:00:27:053
-1.4498,-0.1968,9.4941,-1.8135,0.1975,9.6355,-0.022,0.0024,0.3886,-0.1771,0.4205,-0.0407,17.33,-1.35,-37.57,269.57,-1.31,8.7,48.843887,2.353351,95.2,NaN,,11.476,,0 / 20,,252,2022-01-11 15:00:27:059
-1.4498,-0.1968,9.4941,-1.8135,0.1975,9.6355,-0.022,0.0024,0.3886,-0.1771,0.4205,-0.0407,17.33,-1.35,-37.57,269.57,-1.31,8.7,48.843887,2.353351,95.2,NaN,,11.476,,0 / 20,,257,2022-01-11 15:00:27:064
-1.4498,-0.1968,9.4941,-1.8135,0.1975,9.6355,-0.022,0.0024,0.3886,-0.1771,0.4205,-0.0407,17.33,-1.35,-37.57,269.57,-1.31,8.7,48.843887,2.353351,95.2,NaN,,11.476,,0 / 20,,261,2022-01-11 15:00:27:068
-1.4498,-0.1968,9.4941,-1.8135,0.1975,9.6355,-0.022,0.0024,0.3886,-0.1771,0.4205,-0.0407,17.33,-1.35,-37.57,269.57,-1.31,8.7,48.843887,2.353351,95.2,NaN,,11.476,,0 / 20,,267,2022-01-11 15:00:27:074
-1.4498,-0.1968,9.4941,-1.8135,0.1975,9.6355,-0.022,0.0024,0.3886,-0.1771,0.4205,-0.0407,17.33,-1.35,-37.57,269.57,-1.31,8.7,48.843887,2.353351,95.2,NaN,,11.476,,0 / 20,,272,2022-01-11 15:00:27:079
-1.4498,-0.1968,9.4941,-1.8135,0.1975,9.6355,-0.022,0.0024,0.3886,-0.1771,0.4205,-0.0407,17.33,-1.35,-37.57,269.57,-1.31,8.7,48.843887,2.353351,95.2,NaN,,11.476,,0 / 20,,277,2022-01-11 15:00:27:084
-1.4498,-0.1968,9.4941,-1.8135,0.1975,9.6355,-0.022,0.0024,0.3886,-0.1771,0.4205,-0.0407,17.33,-1.35,-37.57,269.57,-1.31,8.7,48.843887,2.353351,95.2,NaN,,11.476,,0 / 20,,282,2022-01-11 15:00:27:089
-1.4498,-0.1968,9.4941,-1.8135,0.1975,9.6355,-0.022,0.0024,0.3886,-0.1771,0.4205,-0.0407,17.33,-1.35,-37.57,269.57,-1.31,8.7,48.843887,2.353351,95.2,NaN,,11.476,,0 / 20,,286,2022-01-11 15:00:27:093
-1.4498,-0.1968,9.4941,-1.8135,0.1975,9.6355,-0.022,0.0024,0.3886,-0.1771,0.4205,-0.0407,17.33,-1.35,-37.57,269.57,-1.31,8.7,48.843887,2.353351,95.2,NaN,,11.476,,0 / 20,,292,2022-01-11 15:00:27:099
-1.4498,-0.1968,9.4941,-1.8135,0.1975,9.6355,-0.022,0.0024,0.3886,-0.1771,0.4205,-0.0407,17.33,-1.35,-37.57,269.57,-1.31,8.7,48.843887,2.353351,95.2,NaN,,11.476,,0 / 20,,296,2022-01-11 15:00:27:103
-1.4498,-0.1968,9.4941,-1.8135,0.1975,9.6355,-0.022,0.0024,0.3886,-0.1771,0.4205,-0.0407,17.33,-1.35,-37.57,269.57,-1.31,8.7,48.843887,2.353351,95.2,NaN,,11.476,,0 / 20,,301,2022-01-11 15:00:27:108
-1.4498,-0.1968,9.4941,-1.8135,0.1975,9.6355,-0.022,0.0024,0.3886,-0.1771,0.4205,-0.0407,19.13,-1.35,-36.75,269.05,-1.15,10.66,48.843887,2.353351,95.2,NaN,,11.476,,0 / 20,,306,2022-01-11 15:00:27:113
-1.4498,-0.1968,9.4941,-1.8135,0.1975,9.6355,-0.022,0.0024,0.3886,-0.1771,0.4205,-0.0407,19.13,-1.35,-36.75,269.05,-1.15,10.66,48.843887,2.353351,95.2,NaN,,11.476,,0 / 20,,311,2022-01-11 15:00:27:118
-1.8556,-0.052,9.5647,-1.8135,0.1975,9.6355,-0.022,0.0024,0.3886,-0.1771,0.4205,-0.0407,19.13,-1.35,-36.75,269.05,-1.15,10.66,48.843887,2.353351,95.2,NaN,,11.476,,0 / 20,,316,2022-01-11 15:00:27:123
-1.8556,-0.052,9.5647,-1.8135,0.1975,9.6355,-0.022,0.0024,0.3886,-0.1771,0.4205,-0.0407,19.13,-1.35,-36.75,269.05,-1.15,10.66,48.843887,2.353351,95.2,NaN,,11.476,,0 / 20,,322,2022-01-11 15:00:27:129
-1.8556,-0.052,9.5647,-1.8135,0.1975,9.6355,-0.022,0.0024,0.3886,-0.1771,0.4205,-0.0407,19.13,-1.35,-36.75,269.05,-1.15,10.66,48.843887,2.353351,95.2,NaN,,11.476,,0 / 20,,326,2022-01-11 15:00:27:133
-1.8556,-0.052,9.5647,-1.8135,0.1975,9.6355,-0.022,0.0024,0.3886,-0.1771,0.4205,-0.0407,19.13,-1.35,-36.75,269.05,-1.15,10.66,48.843887,2.353351,95.2,NaN,,11.476,,0 / 20,,331,2022-01-11 15:00:27:138
-1.8556,-0.052,9.5647,-1.8135,0.1975,9.6355,-0.022,0.0024,0.3886,-0.1771,0.4205,-0.0407,19.13,-1.35,-36.75,269.05,-1.15,10.66,48.843887,2.353351,95.2,NaN,,11.476,,0 / 20,,336,2022-01-11 15:00:27:143
-1.8556,-0.052,9.5647,-1.8135,0.1975,9.6355,-0.022,0.0024,0.3886,-0.1771,0.4205,-0.0407,19.13,-1.35,-36.75,269.05,-1.15,10.66,48.843887,2.353351,95.2,NaN,,11.476,,0 / 20,,344,2022-01-11 15:00:27:151
-1.8556,-0.052,9.5647,-1.8135,0.1975,9.6355,-0.022,0.0024,0.3886,-0.1771,0.4205,-0.0407,19.13,-1.35,-36.75,269.05,-1.15,10.66,48.843887,2.353351,95.2,NaN,,11.476,,0 / 20,,346,2022-01-11 15:00:27:153
-1.8556,-0.052,9.5647,-1.8135,0.1975,9.6355,-0.022,0.0024,0.3886,-0.1771,0.4205,-0.0407,19.13,-1.35,-36.75,269.05,-1.15,10.66,48.843887,2.353351,95.2,NaN,,11.476,,0 / 20,,351,2022-01-11 15:00:27:158
-1.8556,-0.052,9.5647,-1.8847,-5.0E-4,9.6238,-0.0639,-4.0E-4,0.2148,-0.1771,0.4205,-0.0407,19.13,-1.35,-36.75,269.05,-1.15,10.66,48.843887,2.353351,95.2,NaN,,11.476,,0 / 20,,356,2022-01-11 15:00:27:163
-1.8556,-0.052,9.5647,-1.8847,-5.0E-4,9.6238,-0.0639,-4.0E-4,0.2148,-0.1771,0.4205,-0.0407,19.13,-1.35,-36.75,269.05,-1.15,10.66,48.843887,2.353351,95.2,NaN,,11.476,,0 / 20,,365,2022-01-11 15:00:27:172
-1.8556,-0.052,9.5647,-1.8847,-5.0E-4,9.6238,-0.0639,-4.0E-4,0.2148,-0.1771,0.4205,-0.0407,19.13,-1.35,-36.75,269.05,-1.15,10.66,48.843887,2.353351,95.2,NaN,,11.476,,0 / 20,,366,2022-01-11 15:00:27:173
-1.8556,-0.052,9.5647,-1.8847,-5.0E-4,9.6238,-0.0639,-4.0E-4,0.2148,-0.1771,0.4205,-0.0407,19.13,-1.35,-36.75,269.05,-1.15,10.66,48.843887,2.353351,95.2,NaN,,11.476,,0 / 20,,372,2022-01-11 15:00:27:179
-1.8556,-0.052,9.5647,-1.8847,-5.0E-4,9.6238,-0.0639,-4.0E-4,0.2148,-0.1771,0.4205,-0.0407,19.13,-1.35,-36.75,269.05,-1.15,10.66,48.843887,2.353351,95.2,NaN,,11.476,,0 / 20,,376,2022-01-11 15:00:27:183
-1.8556,-0.052,9.5647,-1.8847,-5.0E-4,9.6238,-0.0639,-4.0E-4,0.2148,-0.1771,0.4205,-0.0407,19.13,-1.35,-36.75,269.05,-1.15,10.66,48.843887,2.353351,95.2,NaN,,11.476,,0 / 20,,382,2022-01-11 15:00:27:189
-1.8879,0.2043,9.5252,-1.8847,-5.0E-4,9.6238,-0.0639,-4.0E-4,0.2148,0.1679,-0.2796,0.1059,19.13,-1.35,-36.75,269.05,-1.15,10.66,48.843887,2.353351,95.2,NaN,,11.476,,0 / 20,,387,2022-01-11 15:00:27:194
-1.8879,0.2043,9.5252,-1.8847,-5.0E-4,9.6238,-0.0639,-4.0E-4,0.2148,0.1679,-0.2796,0.1059,19.13,-1.35,-36.75,269.05,-1.15,10.66,48.843887,2.353351,95.2,NaN,,11.476,,0 / 20,,391,2022-01-11 15:00:27:198
-1.8879,0.2043,9.5252,-1.8847,-5.0E-4,9.6238,-0.0639,-4.0E-4,0.2148,0.1679,-0.2796,0.1059,19.13,-1.35,-36.75,269.05,-1.15,10.66,48.843887,2.353351,95.2,NaN,,11.476,,0 / 20,,396,2022-01-11 15:00:27:203
-1.8879,0.2043,9.5252,-1.8847,-5.0E-4,9.6238,-0.0639,-4.0E-4,0.2148,0.1679,-0.2796,0.1059,19.73,-1.12,-36.23,265.49,0.0,11.08,48.843887,2.353351,95.2,NaN,,11.476,,0 / 20,,402,2022-01-11 15:00:27:209
-1.8879,0.2043,9.5252,-1.8847,-5.0E-4,9.6238,-0.0639,-4.0E-4,0.2148,0.1679,-0.2796,0.1059,19.73,-1.12,-36.23,265.49,0.0,11.08,48.843887,2.353351,95.2,NaN,,11.476,,0 / 20,,407,2022-01-11 15:00:27:214
-1.8879,0.2043,9.5252,-1.8847,-5.0E-4,9.6238,-0.0639,-4.0E-4,0.2148,0.1679,-0.2796,0.1059,19.73,-1.12,-36.23,265.49,0.0,11.08,48.843887,2.353351,95.2,NaN,,11.476,,0 / 20,,411,2022-01-11 15:00:27:218
-1.8879,0.2043,9.5252,-1.8847,-5.0E-4,9.6238,-0.0639,-4.0E-4,0.2148,0.1679,-0.2796,0.1059,19.73,-1.12,-36.23,265.49,0.0,11.08,48.843887,2.353351,95.2,NaN,,11.476,,0 / 20,,416,2022-01-11 15:00:27:223
-1.8879,0.2043,9.5252,-1.8847,-5.0E-4,9.6238,-0.0639,-4.0E-4,0.2148,0.1679,-0.2796,0.1059,19.73,-1.12,-36.23,265.49,0.0,11.08,48.843887,2.353351,95.2,NaN,,11.476,,0 / 20,,422,2022-01-11 15:00:27:229
-1.8879,0.2043,9.5252,-1.8847,-5.0E-4,9.6238,-0.0639,-4.0E-4,0.2148,0.1679,-0.2796,0.1059,19.73,-1.12,-36.23,265.49,0.0,11.08,48.843887,2.353351,95.2,NaN,,11.476,,0 / 20,,426,2022-01-11 15:00:27:233
-1.8879,0.2043,9.5252,-1.7137,0.1101,9.6551,-0.0922,-0.2711,0.1477,0.1679,-0.2796,0.1059,19.73,-1.12,-36.23,265.49,0.0,11.08,48.843887,2.353351,95.2,NaN,,11.476,,0 / 20,,432,2022-01-11 15:00:27:239
-1.8879,0.2043,9.5252,-1.7137,0.1101,9.6551,-0.0922,-0.2711,0.1477,0.1679,-0.2796,0.1059,19.73,-1.12,-36.23,265.49,0.0,11.08,48.843887,2.353351,95.2,NaN,,11.476,,0 / 20,,437,2022-01-11 15:00:27:244
-1.8879,0.2043,9.5252,-1.7137,0.1101,9.6551,-0.0922,-0.2711,0.1477,0.1679,-0.2796,0.1059,19.73,-1.12,-36.23,265.49,0.0,11.08,48.843887,2.353351,95.2,NaN,,11.476,,0 / 20,,441,2022-01-11 15:00:27:248
-1.8879,0.2043,9.5252,-1.7137,0.1101,9.6551,-0.0922,-0.2711,0.1477,0.1679,-0.2796,0.1059,19.73,-1.12,-36.23,265.49,0.0,11.08,48.843887,2.353351,95.2,NaN,,11.476,,0 / 20,,446,2022-01-11 15:00:27:253
-1.5574,0.3817,10.226,-1.7137,0.1101,9.6551,-0.0922,-0.2711,0.1477,0.1679,-0.2796,0.1059,19.73,-1.12,-36.23,265.49,0.0,11.08,48.843887,2.353351,95.2,NaN,,11.476,,0 / 20,,452,2022-01-11 15:00:27:259
-1.5574,0.3817,10.226,-1.7137,0.1101,9.6551,-0.0922,-0.2711,0.1477,0.1679,-0.2796,0.1059,19.73,-1.12,-36.23,265.49,0.0,11.08,48.843887,2.353351,95.2,NaN,,11.476,,0 / 20,,457,2022-01-11 15:00:27:264
-1.5574,0.3817,10.226,-1.7137,0.1101,9.6551,-0.0922,-0.2711,0.1477,0.1679,-0.2796,0.1059,19.73,-1.12,-36.23,265.49,0.0,11.08,48.843887,2.353351,95.2,NaN,,11.476,,0 / 20,,461,2022-01-11 15:00:27:268
-1.5574,0.3817,10.226,-1.7137,0.1101,9.6551,-0.0922,-0.2711,0.1477,0.1679,-0.2796,0.1059,19.73,-1.12,-36.23,265.49,0.0,11.08,48.843887,2.353351,95.2,NaN,,11.476,,0 / 20,,467,2022-01-11 15:00:27:274
-1.5574,0.3817,10.226,-1.7137,0.1101,9.6551,-0.0922,-0.2711,0.1477,-0.1272,-0.157,0.0312,19.73,-1.12,-36.23,265.49,0.0,11.08,48.843887,2.353351,95.2,NaN,,11.476,,0 / 20,,473,2022-01-11 15:00:27:280
-1.5574,0.3817,10.226,-1.7137,0.1101,9.6551,-0.0922,-0.2711,0.1477,-0.1272,-0.157,0.0312,19.73,-1.12,-36.23,265.49,0.0,11.08,48.843887,2.353351,95.2,NaN,,11.476,,0 / 20,,476,2022-01-11 15:00:27:283
-1.5574,0.3817,10.226,-1.7137,0.1101,9.6551,-0.0922,-0.2711,0.1477,-0.1272,-0.157,0.0312,19.73,-1.12,-36.23,265.49,0.0,11.08,48.843887,2.353351,95.2,NaN,,11.476,,0 / 20,,481,2022-01-11 15:00:27:288
-1.5574,0.3817,10.226,-1.7137,0.1101,9.6551,-0.0922,-0.2711,0.1477,-0.1272,-0.157,0.0312,19.73,-1.12,-36.23,265.49,0.0,11.08,48.843887,2.353351,95.2,NaN,,11.476,,0 / 20,,486,2022-01-11 15:00:27:293
-1.5574,0.3817,10.226,-1.7137,0.1101,9.6551,-0.0922,-0.2711,0.1477,-0.1272,-0.157,0.0312,19.73,-1.12,-36.23,265.49,0.0,11.08,48.843887,2.353351,95.2,NaN,,11.476,,0 / 20,,492,2022-01-11 15:00:27:299
-1.5574,0.3817,10.226,-1.7137,0.1101,9.6551,-0.0922,-0.2711,0.1477,-0.1272,-0.157,0.0312,19.73,-1.12,-36.23,265.49,0.0,11.08,48.843887,2.353351,95.2,NaN,,11.476,,0 / 20,,496,2022-01-11 15:00:27:303
-1.5574,0.3817,10.226,-1.7137,0.1101,9.6551,-0.0922,-0.2711,0.1477,-0.1272,-0.157,0.0312,19.73,-1.12,-36.23,265.49,0.0,11.08,48.843887,2.353351,95.2,NaN,,11.476,,0 / 20,,502,2022-01-11 15:00:27:309
-1.5574,0.3817,10.226,-1.7137,0.1101,9.6551,-0.0922,-0.2711,0.1477,-0.1272,-0.157,0.0312,20.55,-0.08,-35.55,271.75,-0.64,10.06,48.843887,2.353351,95.2,NaN,,11.476,,0 / 20,,507,2022-01-11 15:00:27:314
-1.5574,0.3817,10.226,-1.7137,0.1101,9.6551,-0.0922,-0.2711,0.1477,-0.1272,-0.157,0.0312,20.55,-0.08,-35.55,271.75,-0.64,10.06,48.843887,2.353351,95.2,NaN,,11.476,,0 / 20,,511,2022-01-11 15:00:27:318
-3.0751,-0.0413,19.378,-1.7838,0.0241,9.643,0.1029,0.5557,1.6249,-0.1272,-0.157,0.0312,20.55,-0.08,-35.55,271.75,-0.64,10.06,48.843887,2.353351,95.2,NaN,,11.476,,0 / 20,,593,2022-01-11 15:00:27:400
-3.0751,-0.0413,19.378,-1.7838,0.0241,9.643,0.1029,0.5557,1.6249,-0.1272,-0.157,0.0312,20.55,-0.08,-35.55,271.75,-0.64,10.06,48.843887,2.353351,95.2,NaN,,11.476,,0 / 20,,593,2022-01-11 15:00:27:400
-3.0751,-0.0413,19.378,-1.7838,0.0241,9.643,0.1029,0.5557,1.6249,-0.1272,-0.157,0.0312,20.55,-0.08,-35.55,271.75,-0.64,10.06,48.843887,2.353351,95.2,NaN,,11.476,,0 / 20,,594,2022-01-11 15:00:27:401
-3.0751,-0.0413,19.378,-1.7838,0.0241,9.643,0.1029,0.5557,1.6249,-0.1272,-0.157,0.0312,20.55,-0.08,-35.55,271.75,-0.64,10.06,48.843887,2.353351,95.2,NaN,,11.476,,0 / 20,,594,2022-01-11 15:00:27:401
-3.0751,-0.0413,19.378,-1.7838,0.0241,9.643,0.1029,0.5557,1.6249,-0.1272,-0.157,0.0312,20.55,-0.08,-35.55,271.75,-0.64,10.06,48.843887,2.353351,95.2,NaN,,11.476,,0 / 20,,594,2022-01-11 15:00:27:401
-3.0751,-0.0413,19.378,-1.7838,0.0241,9.643,0.1029,0.5557,1.6249,-0.1272,-0.157,0.0312,20.55,-0.08,-35.55,271.75,-0.64,10.06,48.843887,2.353351,95.2,NaN,,11.476,,0 / 20,,594,2022-01-11 15:00:27:401
-3.0751,-0.0413,19.378,-1.7838,0.0241,9.643,0.1029,0.5557,1.6249,-0.1272,-0.157,0.0312,20.55,-0.08,-35.55,271.75,-0.64,10.06,48.843887,2.353351,95.2,NaN,,11.476,,0 / 20,,595,2022-01-11 15:00:27:402
-3.0751,-0.0413,19.378,-1.7838,0.0241,9.643,0.1029,0.5557,1.6249,-0.1272,-0.157,0.0312,20.55,-0.08,-35.55,271.75,-0.64,10.06,48.843887,2.353351,95.2,NaN,,11.476,,0 / 20,,596,2022-01-11 15:00:27:403
-3.0751,-0.0413,19.378,-1.7838,0.0241,9.643,0.1029,0.5557,1.6249,0.0585,-1.0876,-0.0768,20.55,-0.08,-35.55,271.75,-0.64,10.06,48.843887,2.353351,95.2,NaN,,11.476,,0 / 20,,597,2022-01-11 15:00:27:404
-3.0751,-0.0413,19.378,-1.7838,0.0241,9.643,0.1029,0.5557,1.6249,0.0585,-1.0876,-0.0768,20.55,-0.08,-35.55,271.75,-0.64,10.06,48.843887,2.353351,95.2,NaN,,11.476,,0 / 20,,597,2022-01-11 15:00:27:404
-3.0751,-0.0413,19.378,-1.7838,0.0241,9.643,0.1029,0.5557,1.6249,0.0585,-1.0876,-0.0768,20.55,-0.08,-35.55,271.75,-0.64,10.06,48.843887,2.353351,95.2,NaN,,11.476,,0 / 20,,599,2022-01-11 15:00:27:406
-3.0751,-0.0413,19.378,-1.7838,0.0241,9.643,0.1029,0.5557,1.6249,0.0585,-1.0876,-0.0768,20.55,-0.08,-35.55,271.75,-0.64,10.06,48.843887,2.353351,95.2,NaN,,11.476,,0 / 20,,600,2022-01-11 15:00:27:407
-3.0751,-0.0413,19.378,-1.7838,0.0241,9.643,0.1029,0.5557,1.6249,0.0585,-1.0876,-0.0768,20.55,-0.08,-35.55,271.75,-0.64,10.06,48.843887,2.353351,95.2,NaN,,11.476,,0 / 20,,600,2022-01-11 15:00:27:407
-3.0751,-0.0413,19.378,-1.7838,0.0241,9.643,0.1029,0.5557,1.6249,0.0585,-1.0876,-0.0768,20.55,-0.08,-35.55,271.75,-0.64,10.06,48.843887,2.353351,95.2,NaN,,11.476,,0 / 20,,601,2022-01-11 15:00:27:408
-3.0751,-0.0413,19.378,-1.7838,0.0241,9.643,0.1029,0.5557,1.6249,0.0585,-1.0876,-0.0768,20.55,-0.08,-35.55,271.75,-0.64,10.06,48.843887,2.353351,95.2,NaN,,11.476,,0 / 20,,601,2022-01-11 15:00:27:408
-3.0751,-0.0413,19.378,-1.7838,0.0241,9.643,0.1029,0.5557,1.6249,0.0585,-1.0876,-0.0768,20.55,-0.08,-35.55,271.75,-0.64,10.06,48.843887,2.353351,95.2,NaN,,11.476,,0 / 20,,601,2022-01-11 15:00:27:408
-3.0751,-0.0413,19.378,-1.7838,0.0241,9.643,0.1029,0.5557,1.6249,0.0585,-1.0876,-0.0768,20.55,-0.08,-35.55,271.75,-0.64,10.06,48.843887,2.353351,95.2,NaN,,11.476,,0 / 20,,602,2022-01-11 15:00:27:409
-3.0751,-0.0413,19.378,-1.7838,0.0241,9.643,0.1029,0.5557,1.6249,0.0585,-1.0876,-0.0768,20.55,-0.08,-35.55,271.75,-0.64,10.06,48.843887,2.353351,95.2,NaN,,11.476,,0 / 20,,602,2022-01-11 15:00:27:409
-3.0751,-0.0413,19.378,-1.7838,0.0241,9.643,0.1029,0.5557,1.6249,0.0585,-1.0876,-0.0768,20.78,0.3,-35.4,270.38,-0.14,10.48,48.843887,2.353351,95.2,NaN,,11.476,,0 / 20,,606,2022-01-11 15:00:27:413
-3.0751,-0.0413,19.378,-1.7838,0.0241,9.643,0.1029,0.5557,1.6249,0.0585,-1.0876,-0.0768,20.78,0.3,-35.4,270.38,-0.14,10.48,48.843887,2.353351,95.2,NaN,,11.476,,0 / 20,,611,2022-01-11 15:00:27:418
-3.0751,-0.0413,19.378,-1.7838,0.0241,9.643,0.1029,0.5557,1.6249,0.0585,-1.0876,-0.0768,20.78,0.3,-35.4,270.38,-0.14,10.48,48.843887,2.353351,95.2,NaN,,11.476,,0 / 20,,617,2022-01-11 15:00:27:424
-3.0751,-0.0413,19.378,-1.7838,0.0241,9.643,0.1029,0.5557,1.6249,0.0585,-1.0876,-0.0768,20.78,0.3,-35.4,270.38,-0.14,10.48,48.843887,2.353351,95.2,NaN,,11.476,,0 / 20,,621,2022-01-11 15:00:27:428
-3.0751,-0.0413,19.378,-1.7838,0.0241,9.643,0.1029,0.5557,1.6249,0.0585,-1.0876,-0.0768,20.78,0.3,-35.4,270.38,-0.14,10.48,48.843887,2.353351,95.2,NaN,,11.476,,0 / 20,,626,2022-01-11 15:00:27:433
-3.0751,-0.0413,19.378,-1.7838,0.0241,9.643,0.1029,0.5557,1.6249,0.0585,-1.0876,-0.0768,20.78,0.3,-35.4,270.38,-0.14,10.48,48.843887,2.353351,95.2,NaN,,11.476,,0 / 20,,631,2022-01-11 15:00:27:438
-3.0751,-0.0413,19.378,-1.7838,0.0241,9.643,0.1029,0.5557,1.6249,0.0585,-1.0876,-0.0768,20.78,0.3,-35.4,270.38,-0.14,10.48,48.843887,2.353351,95.2,NaN,,11.476,,0 / 20,,636,2022-01-11 15:00:27:443
3.4346,-4.4824,15.8216,-1.7838,0.0241,9.643,0.1029,0.5557,1.6249,0.0585,-1.0876,-0.0768,20.78,0.3,-35.4,270.38,-0.14,10.48,48.843887,2.353351,95.2,NaN,,11.476,,0 / 20,,642,2022-01-11 15:00:27:449
3.4346,-4.4824,15.8216,-1.7838,0.0241,9.643,0.1029,0.5557,1.6249,0.0585,-1.0876,-0.0768,20.78,0.3,-35.4,270.38,-0.14,10.48,48.843887,2.353351,95.2,NaN,,11.476,,0 / 20,,646,2022-01-11 15:00:27:453
3.4346,-4.4824,15.8216,-1.7838,0.0241,9.643,0.1029,0.5557,1.6249,0.0585,-1.0876,-0.0768,20.78,0.3,-35.4,270.38,-0.14,10.48,48.843887,2.353351,95.2,NaN,,11.476,,0 / 20,,651,2022-01-11 15:00:27:458
3.4346,-4.4824,15.8216,-1.7838,0.0241,9.643,0.1029,0.5557,1.6249,0.0585,-1.0876,-0.0768,20.78,0.3,-35.4,270.38,-0.14,10.48,48.843887,2.353351,95.2,NaN,,11.476,,0 / 20,,657,2022-01-11 15:00:27:464
3.4346,-4.4824,15.8216,-1.7838,0.0241,9.643,0.1029,0.5557,1.6249,0.0585,-1.0876,-0.0768,20.78,0.3,-35.4,270.38,-0.14,10.48,48.843887,2.353351,95.2,NaN,,11.476,,0 / 20,,664,2022-01-11 15:00:27:471
3.4346,-4.4824,15.8216,-1.7838,0.0241,9.643,0.1029,0.5557,1.6249,0.0585,-1.0876,-0.0768,20.78,0.3,-35.4,270.38,-0.14,10.48,48.843887,2.353351,95.2,NaN,,11.476,,0 / 20,,668,2022-01-11 15:00:27:475
3.4346,-4.4824,15.8216,-1.7838,0.0241,9.643,0.1029,0.5557,1.6249,0.0585,-1.0876,-0.0768,20.78,0.3,-35.4,270.38,-0.14,10.48,48.843887,2.353351,95.2,NaN,,11.476,,0 / 20,,671,2022-01-11 15:00:27:478
3.4346,-4.4824,15.8216,2.8295,0.2542,9.3861,-5.0966,-1.0119,9.595,0.0585,-1.0876,-0.0768,20.78,0.3,-35.4,270.38,-0.14,10.48,48.843887,2.353351,95.2,NaN,,11.476,,0 / 20,,676,2022-01-11 15:00:27:483
3.4346,-4.4824,15.8216,2.8295,0.2542,9.3861,-5.0966,-1.0119,9.595,0.0585,-1.0876,-0.0768,20.78,0.3,-35.4,270.38,-0.14,10.48,48.843887,2.353351,95.2,NaN,,11.476,,0 / 20,,681,2022-01-11 15:00:27:488
3.4346,-4.4824,15.8216,2.8295,0.2542,9.3861,-5.0966,-1.0119,9.595,0.0585,-1.0876,-0.0768,20.78,0.3,-35.4,270.38,-0.14,10.48,48.843887,2.353351,95.2,NaN,,11.476,,0 / 20,,687,2022-01-11 15:00:27:494
3.4346,-4.4824,15.8216,2.8295,0.2542,9.3861,-5.0966,-1.0119,9.595,0.0585,-1.0876,-0.0768,20.78,0.3,-35.4,270.38,-0.14,10.48,48.843887,2.353351,95.2,NaN,,11.476,,0 / 20,,692,2022-01-11 15:00:27:499
3.4346,-4.4824,15.8216,2.8295,0.2542,9.3861,-5.0966,-1.0119,9.595,0.0585,-1.0876,-0.0768,20.78,0.3,-35.4,270.38,-0.14,10.48,48.843887,2.353351,95.2,NaN,,11.476,,0 / 20,,696,2022-01-11 15:00:27:503
3.4346,-4.4824,15.8216,2.8295,0.2542,9.3861,-5.0966,-1.0119,9.595,0.0585,-1.0876,-0.0768,20.78,0.3,-35.4,270.38,-0.14,10.48,48.843887,2.353351,95.2,NaN,,11.476,,0 / 20,,701,2022-01-11 15:00:27:508
2.4766,-0.3598,-0.2865,2.8295,0.2542,9.3861,-5.0966,-1.0119,9.595,0.0585,-1.0876,-0.0768,12.23,-0.08,-34.73,272.07,-1.49,-16.78,48.843887,2.353351,95.2,NaN,,11.476,,0 / 20,,706,2022-01-11 15:00:27:513
2.4766,-0.3598,-0.2865,2.8295,0.2542,9.3861,-5.0966,-1.0119,9.595,0.0585,-1.0876,-0.0768,12.23,-0.08,-34.73,272.07,-1.49,-16.78,48.843887,2.353351,95.2,NaN,,11.476,,0 / 20,,711,2022-01-11 15:00:27:518
2.4766,-0.3598,-0.2865,2.8295,0.2542,9.3861,-5.0966,-1.0119,9.595,0.0585,-1.0876,-0.0768,12.23,-0.08,-34.73,272.07,-1.49,-16.78,48.843887,2.353351,95.2,NaN,,11.476,,0 / 20,,717,2022-01-11 15:00:27:524
2.4766,-0.3598,-0.2865,2.8295,0.2542,9.3861,-5.0966,-1.0119,9.595,-1.3571,-17.4815,-1.3314,12.23,-0.08,-34.73,272.07,-1.49,-16.78,48.843887,2.353351,95.2,NaN,,11.476,,0 / 20,,722,2022-01-11 15:00:27:529
2.4766,-0.3598,-0.2865,2.8295,0.2542,9.3861,-5.0966,-1.0119,9.595,-1.3571,-17.4815,-1.3314,12.23,-0.08,-34.73,272.07,-1.49,-16.78,48.843887,2.353351,95.2,NaN,,11.476,,0 / 20,,726,2022-01-11 15:00:27:533
2.4766,-0.3598,-0.2865,2.8295,0.2542,9.3861,-5.0966,-1.0119,9.595,-1.3571,-17.4815,-1.3314,12.23,-0.08,-34.73,272.07,-1.49,-16.78,48.843887,2.353351,95.2,NaN,,11.476,,0 / 20,,732,2022-01-11 15:00:27:539
2.4766,-0.3598,-0.2865,2.8295,0.2542,9.3861,-5.0966,-1.0119,9.595,-1.3571,-17.4815,-1.3314,12.23,-0.08,-34.73,272.07,-1.49,-16.78,48.843887,2.353351,95.2,NaN,,11.476,,0 / 20,,736,2022-01-11 15:00:27:543
2.4766,-0.3598,-0.2865,2.8295,0.2542,9.3861,-5.0966,-1.0119,9.595,-1.3571,-17.4815,-1.3314,12.23,-0.08,-34.73,272.07,-1.49,-16.78,48.843887,2.353351,95.2,NaN,,11.476,,0 / 20,,741,2022-01-11 15:00:27:548
2.4766,-0.3598,-0.2865,2.8295,0.2542,9.3861,-5.0966,-1.0119,9.595,-1.3571,-17.4815,-1.3314,12.23,-0.08,-34.73,272.07,-1.49,-16.78,48.843887,2.353351,95.2,NaN,,11.476,,0 / 20,,747,2022-01-11 15:00:27:554
2.4766,-0.3598,-0.2865,2.8295,0.2542,9.3861,-5.0966,-1.0119,9.595,-1.3571,-17.4815,-1.3314,12.23,-0.08,-34.73,272.07,-1.49,-16.78,48.843887,2.353351,95.2,NaN,,11.476,,0 / 20,,752,2022-01-11 15:00:27:559
2.4766,-0.3598,-0.2865,2.8295,0.2542,9.3861,-5.0966,-1.0119,9.595,-1.3571,-17.4815,-1.3314,12.23,-0.08,-34.73,272.07,-1.49,-16.78,48.843887,2.353351,95.2,NaN,,11.476,,0 / 20,,757,2022-01-11 15:00:27:564
2.4766,-0.3598,-0.2865,2.8295,0.2542,9.3861,-5.0966,-1.0119,9.595,-1.3571,-17.4815,-1.3314,12.23,-0.08,-34.73,272.07,-1.49,-16.78,48.843887,2.353351,95.2,NaN,,11.476,,0 / 20,,761,2022-01-11 15:00:27:568
2.4766,-0.3598,-0.2865,2.8295,0.2542,9.3861,-5.0966,-1.0119,9.595,-1.3571,-17.4815,-1.3314,12.23,-0.08,-34.73,272.07,-1.49,-16.78,48.843887,2.353351,95.2,NaN,,11.476,,0 / 20,,767,2022-01-11 15:00:27:574
2.4766,-0.3598,-0.2865,2.8295,0.2542,9.3861,-5.0966,-1.0119,9.595,-1.3571,-17.4815,-1.3314,12.23,-0.08,-34.73,272.07,-1.49,-16.78,48.843887,2.353351,95.2,NaN,,11.476,,0 / 20,,772,2022-01-11 15:00:27:579
2.4766,-0.3598,-0.2865,2.8295,0.2542,9.3861,-5.0966,-1.0119,9.595,-1.3571,-17.4815,-1.3314,12.23,-0.08,-34.73,272.07,-1.49,-16.78,48.843887,2.353351,95.2,NaN,,11.476,,0 / 20,,776,2022-01-11 15:00:27:583
2.7042,-0.6939,-0.4412,6.9651,1.2617,-6.7872,-4.23,-1.71,6.3001,-1.3571,-17.4815,-1.3314,12.23,-0.08,-34.73,272.07,-1.49,-16.78,48.843887,2.353351,95.2,NaN,,11.476,,0 / 20,,781,2022-01-11 15:00:27:588
2.7042,-0.6939,-0.4412,6.9651,1.2617,-6.7872,-4.23,-1.71,6.3001,-1.3571,-17.4815,-1.3314,12.23,-0.08,-34.73,272.07,-1.49,-16.78,48.843887,2.353351,95.2,NaN,,11.476,,0 / 20,,787,2022-01-11 15:00:27:594
2.7042,-0.6939,-0.4412,6.9651,1.2617,-6.7872,-4.23,-1.71,6.3001,-1.3571,-17.4815,-1.3314,12.23,-0.08,-34.73,272.07,-1.49,-16.78,48.843887,2.353351,95.2,NaN,,11.476,,0 / 20,,792,2022-01-11 15:00:27:599
2.7042,-0.6939,-0.4412,6.9651,1.2617,-6.7872,-4.23,-1.71,6.3001,-1.3571,-17.4815,-1.3314,12.23,-0.08,-34.73,272.07,-1.49,-16.78,48.843887,2.353351,95.2,NaN,,11.476,,0 / 20,,796,2022-01-11 15:00:27:603
2.7042,-0.6939,-0.4412,6.9651,1.2617,-6.7872,-4.23,-1.71,6.3001,-1.3571,-17.4815,-1.3314,12.23,-0.08,-34.73,272.07,-1.49,-16.78,48.843887,2.353351,95.2,NaN,,11.476,,0 / 20,,801,2022-01-11 15:00:27:608
2.7042,-0.6939,-0.4412,6.9651,1.2617,-6.7872,-4.23,-1.71,6.3001,-1.3571,-17.4815,-1.3314,5.03,-0.15,-27.3,259.68,-7.39,-134.26,48.843887,2.353351,95.2,NaN,,11.476,,0 / 20,,806,2022-01-11 15:00:27:613
2.7042,-0.6939,-0.4412,6.9651,1.2617,-6.7872,-4.23,-1.71,6.3001,-1.3571,-17.4815,-1.3314,5.03,-0.15,-27.3,259.68,-7.39,-134.26,48.843887,2.353351,95.2,NaN,,11.476,,0 / 20,,813,2022-01-11 15:00:27:620
2.7042,-0.6939,-0.4412,6.9651,1.2617,-6.7872,-4.23,-1.71,6.3001,-1.3571,-17.4815,-1.3314,5.03,-0.15,-27.3,259.68,-7.39,-134.26,48.843887,2.353351,95.2,NaN,,11.476,,0 / 20,,816,2022-01-11 15:00:27:623
2.7042,-0.6939,-0.4412,6.9651,1.2617,-6.7872,-4.23,-1.71,6.3001,-1.3571,-17.4815,-1.3314,5.03,-0.15,-27.3,259.68,-7.39,-134.26,48.843887,2.353351,95.2,NaN,,11.476,,0 / 20,,821,2022-01-11 15:00:27:628
2.7042,-0.6939,-0.4412,6.9651,1.2617,-6.7872,-4.23,-1.71,6.3001,-1.3571,-17.4815,-1.3314,5.03,-0.15,-27.3,259.68,-7.39,-134.26,48.843887,2.353351,95.2,NaN,,11.476,,0 / 20,,826,2022-01-11 15:00:27:633
2.7042,-0.6939,-0.4412,6.9651,1.2617,-6.7872,-4.23,-1.71,6.3001,-1.3571,-17.4815,-1.3314,5.03,-0.15,-27.3,259.68,-7.39,-134.26,48.843887,2.353351,95.2,NaN,,11.476,,0 / 20,,831,2022-01-11 15:00:27:638
2.7042,-0.6939,-0.4412,6.9651,1.2617,-6.7872,-4.23,-1.71,6.3001,-1.3571,-17.4815,-1.3314,5.03,-0.15,-27.3,259.68,-7.39,-134.26,48.843887,2.353351,95.2,NaN,,11.476,,0 / 20,,836,2022-01-11 15:00:27:643
2.7042,-0.4953,-0.4316,6.9651,1.2617,-6.7872,-4.23,-1.71,6.3001,-1.3571,-17.4815,-1.3314,5.03,-0.15,-27.3,259.68,-7.39,-134.26,48.843887,2.353351,95.2,NaN,,11.476,,0 / 20,,842,2022-01-11 15:00:27:649
2.5519,-0.4953,-0.4316,-2.2418,2.3859,-9.244,4.8313,-2.9471,8.3667,-1.3571,-17.4815,-1.3314,5.03,-0.15,-27.3,259.68,-7.39,-134.26,48.843887,2.353351,95.2,NaN,,11.476,,0 / 20,,846,2022-01-11 15:00:27:653
2.5519,-0.4953,-0.4316,-2.2418,2.3859,-9.244,4.8313,-2.9471,8.3667,-1.5732,-17.4393,1.2743,5.03,-0.15,-27.3,259.68,-7.39,-134.26,48.843887,2.353351,95.2,NaN,,11.476,,0 / 20,,851,2022-01-11 15:00:27:658
2.5519,-0.4953,-0.4316,-2.2418,2.3859,-9.244,4.8313,-2.9471,8.3667,-1.5732,-17.4393,1.2743,5.03,-0.15,-27.3,259.68,-7.39,-134.26,48.843887,2.353351,95.2,NaN,,11.476,,0 / 20,,856,2022-01-11 15:00:27:663
2.5519,-0.4953,-0.4316,-2.2418,2.3859,-9.244,4.8313,-2.9471,8.3667,-1.5732,-17.4393,1.2743,5.03,-0.15,-27.3,259.68,-7.39,-134.26,48.843887,2.353351,95.2,NaN,,11.476,,0 / 20,,861,2022-01-11 15:00:27:668
2.5519,-0.4953,-0.4316,-2.2418,2.3859,-9.244,4.8313,-2.9471,8.3667,-1.5732,-17.4393,1.2743,5.03,-0.15,-27.3,259.68,-7.39,-134.26,48.843887,2.353351,95.2,NaN,,11.476,,0 / 20,,866,2022-01-11 15:00:27:673
2.5519,-0.4953,-0.4316,-2.2418,2.3859,-9.244,4.8313,-2.9471,8.3667,-1.5732,-17.4393,1.2743,5.03,-0.15,-27.3,259.68,-7.39,-134.26,48.843887,2.353351,95.2,NaN,,11.476,,0 / 20,,871,2022-01-11 15:00:27:678
2.5519,-0.4953,-0.4316,-2.2418,2.3859,-9.244,4.8313,-2.9471,8.3667,-1.5732,-17.4393,1.2743,5.03,-0.15,-27.3,259.68,-7.39,-134.26,48.843887,2.353351,95.2,NaN,,11.476,,0 / 20,,877,2022-01-11 15:00:27:684
2.5519,-0.4953,-0.4316,-2.2418,2.3859,-9.244,4.8313,-2.9471,8.3667,-1.5732,-17.4393,1.2743,5.03,-0.15,-27.3,259.68,-7.39,-134.26,48.843887,2.353351,95.2,NaN,,11.476,,0 / 20,,881,2022-01-11 15:00:27:688
2.5519,-0.4953,-0.4316,-2.2418,2.3859,-9.244,4.8313,-2.9471,8.3667,-1.5732,-17.4393,1.2743,5.03,-0.15,-27.3,259.68,-7.39,-134.26,48.843887,2.353351,95.2,NaN,,11.476,,0 / 20,,886,2022-01-11 15:00:27:693
2.5519,-0.4953,-0.4316,-2.2418,2.3859,-9.244,4.8313,-2.9471,8.3667,-1.5732,-17.4393,1.2743,5.03,-0.15,-27.3,259.68,-7.39,-134.26,48.843887,2.353351,95.2,NaN,,11.476,,0 / 20,,892,2022-01-11 15:00:27:699
2.5519,-0.4953,-0.4316,-2.2418,2.3859,-9.244,4.8313,-2.9471,8.3667,-1.5732,-17.4393,1.2743,5.03,-0.15,-27.3,259.68,-7.39,-134.26,48.843887,2.353351,95.2,NaN,,11.476,,0 / 20,,896,2022-01-11 15:00:27:703
2.5519,-0.4953,-0.4316,-2.2418,2.3859,-9.244,4.8313,-2.9471,8.3667,-1.5732,-17.4393,1.2743,5.03,-0.15,-27.3,259.68,-7.39,-134.26,48.843887,2.353351,95.2,NaN,,11.476,,0 / 20,,901,2022-01-11 15:00:27:708
2.17,-0.0748,-0.2806,-2.2418,2.3859,-9.244,4.8313,-2.9471,8.3667,-1.5732,-17.4393,1.2743,6.3,-1.57,-12.08,117.11,-14.08,166.37,48.843887,2.353351,95.2,NaN,,11.476,,0 / 20,,907,2022-01-11 15:00:27:714
2.17,-0.0748,-0.2806,-2.2418,2.3859,-9.244,4.8313,-2.9471,8.3667,-1.5732,-17.4393,1.2743,6.3,-1.57,-12.08,117.11,-14.08,166.37,48.843887,2.353351,95.2,NaN,,11.476,,0 / 20,,911,2022-01-11 15:00:27:718
2.17,-0.0748,-0.2806,-8.8064,3.429,-2.6189,10.6814,-3.6552,2.0092,-1.5732,-17.4393,1.2743,6.3,-1.57,-12.08,117.11,-14.08,166.37,48.843887,2.353351,95.2,NaN,,11.476,,0 / 20,,916,2022-01-11 15:00:27:723
2.17,-0.0748,-0.2806,-8.8064,3.429,-2.6189,10.6814,-3.6552,2.0092,-1.5732,-17.4393,1.2743,6.3,-1.57,-12.08,117.11,-14.08,166.37,48.843887,2.353351,95.2,NaN,,11.476,,0 / 20,,921,2022-01-11 15:00:27:728
2.17,-0.0748,-0.2806,-8.8064,3.429,-2.6189,10.6814,-3.6552,2.0092,-1.5732,-17.4393,1.2743,6.3,-1.57,-12.08,117.11,-14.08,166.37,48.843887,2.353351,95.2,NaN,,11.476,,0 / 20,,927,2022-01-11 15:00:27:734
2.17,-0.0748,-0.2806,-8.8064,3.429,-2.6189,10.6814,-3.6552,2.0092,-1.5732,-17.4393,1.2743,6.3,-1.57,-12.08,117.11,-14.08,166.37,48.843887,2.353351,95.2,NaN,,11.476,,0 / 20,,931,2022-01-11 15:00:27:738
2.17,-0.0748,-0.2806,-8.8064,3.429,-2.6189,10.6814,-3.6552,2.0092,-1.5732,-17.4393,1.2743,6.3,-1.57,-12.08,117.11,-14.08,166.37,48.843887,2.353351,95.2,NaN,,11.476,,0 / 20,,936,2022-01-11 15:00:27:743
2.17,-0.0748,-0.2806,-8.8064,3.429,-2.6189,10.6814,-3.6552,2.0092,0.1784,-17.7315,1.5222,6.3,-1.57,-12.08,117.11,-14.08,166.37,48.843887,2.353351,95.2,NaN,,11.476,,0 / 20,,941,2022-01-11 15:00:27:748
2.17,-0.0748,-0.2806,-8.8064,3.429,-2.6189,10.6814,-3.6552,2.0092,0.1784,-17.7315,1.5222,6.3,-1.57,-12.08,117.11,-14.08,166.37,48.843887,2.353351,95.2,NaN,,11.476,,0 / 20,,946,2022-01-11 15:00:27:753
2.17,-0.0748,-0.2806,-8.8064,3.429,-2.6189,10.6814,-3.6552,2.0092,0.1784,-17.7315,1.5222,6.3,-1.57,-12.08,117.11,-14.08,166.37,48.843887,2.353351,95.2,NaN,,11.476,,0 / 20,,951,2022-01-11 15:00:27:758
2.17,-0.0748,-0.2806,-8.8064,3.429,-2.6189,10.6814,-3.6552,2.0092,0.1784,-17.7315,1.5222,6.3,-1.57,-12.08,117.11,-14.08,166.37,48.843887,2.353351,95.2,NaN,,11.476,,0 / 20,,957,2022-01-11 15:00:27:764
2.17,-0.0748,-0.2806,-8.8064,3.429,-2.6189,10.6814,-3.6552,2.0092,0.1784,-17.7315,1.5222,6.3,-1.57,-12.08,117.11,-14.08,166.37,48.843887,2.353351,95.2,NaN,,11.476,,0 / 20,,961,2022-01-11 15:00:27:768
2.17,-0.0748,-0.2806,-8.8064,3.429,-2.6189,10.6814,-3.6552,2.0092,0.1784,-17.7315,1.5222,6.3,-1.57,-12.08,117.11,-14.08,166.37,48.843887,2.353351,95.2,NaN,,11.476,,0 / 20,,967,2022-01-11 15:00:27:774
2.17,-0.0748,-0.2806,-8.8064,3.429,-2.6189,10.6814,-3.6552,2.0092,0.1784,-17.7315,1.5222,6.3,-1.57,-12.08,117.11,-14.08,166.37,48.843887,2.353351,95.2,NaN,,11.476,,0 / 20,,971,2022-01-11 15:00:27:778
2.17,10.6271,18.4196,-5.4761,4.2232,6.9532,6.1795,-3.5467,-6.5187,0.1784,-17.7315,1.5222,6.3,-1.57,-12.08,117.11,-14.08,166.37,48.843887,2.353351,95.2,NaN,,11.476,,0 / 20,,976,2022-01-11 15:00:27:783
1.8311,10.6271,18.4196,-5.4761,4.2232,6.9532,6.1795,-3.5467,-6.5187,0.1784,-17.7315,1.5222,6.3,-1.57,-12.08,117.11,-14.08,166.37,48.843887,2.353351,95.2,NaN,,11.476,,0 / 20,,981,2022-01-11 15:00:27:788
1.8311,10.6271,18.4196,-5.4761,4.2232,6.9532,6.1795,-3.5467,-6.5187,0.1784,-17.7315,1.5222,6.3,-1.57,-12.08,117.11,-14.08,166.37,48.843887,2.353351,95.2,NaN,,11.476,,0 / 20,,987,2022-01-11 15:00:27:794
1.8311,10.6271,18.4196,-5.4761,4.2232,6.9532,6.1795,-3.5467,-6.5187,0.1784,-17.7315,1.5222,6.3,-1.57,-12.08,117.11,-14.08,166.37,48.843887,2.353351,95.2,NaN,,11.476,,0 / 20,,991,2022-01-11 15:00:27:798
1.8311,10.6271,18.4196,-5.4761,4.2232,6.9532,6.1795,-3.5467,-6.5187,0.1784,-17.7315,1.5222,6.3,-1.57,-12.08,117.11,-14.08,166.37,48.843887,2.353351,95.2,NaN,,11.476,,0 / 20,,997,2022-01-11 15:00:27:804
1.8311,10.6271,18.4196,-5.4761,4.2232,6.9532,6.1795,-3.5467,-6.5187,0.1784,-17.7315,1.5222,6.3,-1.57,-12.08,117.11,-14.08,166.37,48.843887,2.353351,95.2,NaN,,11.476,,0 / 20,,1001,2022-01-11 15:00:27:808
1.8311,10.6271,18.4196,-5.4761,4.2232,6.9532,6.1795,-3.5467,-6.5187,0.1784,-17.7315,1.5222,6.75,-2.55,-12.38,30.9,-25.51,38.22,48.843887,2.353351,95.2,NaN,,11.476,,0 / 20,,1006,2022-01-11 15:00:27:813
1.8311,10.6271,18.4196,-5.4761,4.2232,6.9532,6.1795,-3.5467,-6.5187,0.1784,-17.7315,1.5222,6.75,-2.55,-12.38,30.9,-25.51,38.22,48.843887,2.353351,95.2,NaN,,11.476,,0 / 20,,1011,2022-01-11 15:00:27:818
1.8311,10.6271,18.4196,-5.4761,4.2232,6.9532,6.1795,-3.5467,-6.5187,0.1784,-17.7315,1.5222,6.75,-2.55,-12.38,30.9,-25.51,38.22,48.843887,2.353351,95.2,NaN,,11.476,,0 / 20,,1016,2022-01-11 15:00:27:823
1.8311,10.6271,18.4196,-5.4761,4.2232,6.9532,6.1795,-3.5467,-6.5187,0.1784,-17.7315,1.5222,6.75,-2.55,-12.38,30.9,-25.51,38.22,48.843887,2.353351,95.2,NaN,,11.476,,0 / 20,,1021,2022-01-11 15:00:27:828
1.8311,10.6271,18.4196,-5.4761,4.2232,6.9532,6.1795,-3.5467,-6.5187,0.1784,-17.7315,1.5222,6.75,-2.55,-12.38,30.9,-25.51,38.22,48.843887,2.353351,95.2,NaN,,11.476,,0 / 20,,1026,2022-01-11 15:00:27:833
1.8311,10.6271,18.4196,-5.4761,4.2232,6.9532,6.1795,-3.5467,-6.5187,0.1784,-17.7315,1.5222,6.75,-2.55,-12.38,30.9,-25.51,38.22,48.843887,2.353351,95.2,NaN,,11.476,,0 / 20,,1031,2022-01-11 15:00:27:838
1.8311,10.6271,18.4196,-5.4761,4.2232,6.9532,6.1795,-3.5467,-6.5187,0.1784,-17.7315,1.5222,6.75,-2.55,-12.38,30.9,-25.51,38.22,48.843887,2.353351,95.2,NaN,,11.476,,0 / 20,,1037,2022-01-11 15:00:27:844
6.0123,-0.8474,17.2352,0.3249,-0.6788,9.7777,-3.424,6.4081,4.8074,0.1784,-17.7315,1.5222,6.75,-2.55,-12.38,30.9,-25.51,38.22,48.843887,2.353351,95.2,NaN,,11.476,,0 / 20,,1041,2022-01-11 15:00:27:848
6.0123,-0.8474,17.2352,0.3249,-0.6788,9.7777,-3.424,6.4081,4.8074,0.1784,-17.7315,1.5222,6.75,-2.55,-12.38,30.9,-25.51,38.22,48.843887,2.353351,95.2,NaN,,11.476,,0 / 20,,1047,2022-01-11 15:00:27:854
6.0123,-0.8474,17.2352,0.3249,-0.6788,9.7777,-3.424,6.4081,4.8074,0.1784,-17.7315,1.5222,6.75,-2.55,-12.38,30.9,-25.51,38.22,48.843887,2.353351,95.2,NaN,,11.476,,0 / 20,,1052,2022-01-11 15:00:27:859
6.0123,-0.8474,17.2352,0.3249,-0.6788,9.7777,-3.424,6.4081,4.8074,0.1784,-17.7315,1.5222,6.75,-2.55,-12.38,30.9,-25.51,38.22,48.843887,2.353351,95.2,NaN,,11.476,,0 / 20,,1057,2022-01-11 15:00:27:864
6.0123,-0.8474,17.2352,0.3249,-0.6788,9.7777,-3.424,6.4081,4.8074,0.1784,-17.7315,1.5222,6.75,-2.55,-12.38,30.9,-25.51,38.22,48.843887,2.353351,95.2,NaN,,11.476,,0 / 20,,1061,2022-01-11 15:00:27:868
6.0123,-0.8474,17.2352,0.3249,-0.6788,9.7777,-3.424,6.4081,4.8074,0.1784,-17.7315,1.5222,6.75,-2.55,-12.38,30.9,-25.51,38.22,48.843887,2.353351,95.2,NaN,,11.476,,0 / 20,,1067,2022-01-11 15:00:27:874
6.0123,-0.8474,17.2352,0.3249,-0.6788,9.7777,-3.424,6.4081,4.8074,-2.3242,-1.8763,-0.604,6.75,-2.55,-12.38,30.9,-25.51,38.22,48.843887,2.353351,95.2,NaN,,11.476,,0 / 20,,1071,2022-01-11 15:00:27:878
6.0123,-0.8474,17.2352,0.3249,-0.6788,9.7777,-3.424,6.4081,4.8074,-2.3242,-1.8763,-0.604,6.75,-2.55,-12.38,30.9,-25.51,38.22,48.843887,2.353351,95.2,NaN,,11.476,,0 / 20,,1076,2022-01-11 15:00:27:883
6.0123,-0.8474,17.2352,0.3249,-0.6788,9.7777,-3.424,6.4081,4.8074,-2.3242,-1.8763,-0.604,6.75,-2.55,-12.38,30.9,-25.51,38.22,48.843887,2.353351,95.2,NaN,,11.476,,0 / 20,,1081,2022-01-11 15:00:27:888
6.0123,-0.8474,17.2352,0.3249,-0.6788,9.7777,-3.424,6.4081,4.8074,-2.3242,-1.8763,-0.604,6.75,-2.55,-12.38,30.9,-25.51,38.22,48.843887,2.353351,95.2,NaN,,11.476,,0 / 20,,1087,2022-01-11 15:00:27:894
6.0123,-0.8474,17.2352,0.3249,-0.6788,9.7777,-3.424,6.4081,4.8074,-2.3242,-1.8763,-0.604,6.75,-2.55,-12.38,30.9,-25.51,38.22,48.843887,2.353351,95.2,NaN,,11.476,,0 / 20,,1092,2022-01-11 15:00:27:899
6.0123,-0.8474,17.2352,0.3249,-0.6788,9.7777,-3.424,6.4081,4.8074,-2.3242,-1.8763,-0.604,6.75,-2.55,-12.38,30.9,-25.51,38.22,48.843887,2.353351,95.2,NaN,,11.476,,0 / 20,,1097,2022-01-11 15:00:27:904
6.0123,-0.8474,17.2352,0.3249,-0.6788,9.7777,-3.424,6.4081,4.8074,-2.3242,-1.8763,-0.604,6.75,-2.55,-12.38,30.9,-25.51,38.22,48.843887,2.353351,95.2,NaN,,11.476,,0 / 20,,1102,2022-01-11 15:00:27:909
6.0123,-0.8474,17.2352,0.3249,-0.6788,9.7777,-3.424,6.4081,4.8074,-2.3242,-1.8763,-0.604,3.9,-1.42,-13.42,246.92,3.97,-1.9,48.843887,2.353351,95.2,NaN,,11.476,,0 / 20,,1106,2022-01-11 15:00:27:913
6.0123,-0.8474,17.2352,0.3249,-0.6788,9.7777,-3.424,6.4081,4.8074,-2.3242,-1.8763,-0.604,3.9,-1.42,-13.42,246.92,3.97,-1.9,48.843887,2.353351,95.2,NaN,,11.476,,0 / 20,,1111,2022-01-11 15:00:27:918
6.0123,-0.8474,17.2352,0.3249,-0.6788,9.7777,-3.424,6.4081,4.8074,-2.3242,-1.8763,-0.604,3.9,-1.42,-13.42,246.92,3.97,-1.9,48.843887,2.353351,95.2,NaN,,11.476,,0 / 20,,1116,2022-01-11 15:00:27:923
-1.943,2.2262,8.3228,0.3249,-0.6788,9.7777,-3.424,6.4081,4.8074,-2.3242,-1.8763,-0.604,3.9,-1.42,-13.42,246.92,3.97,-1.9,48.843887,2.353351,95.2,NaN,,11.476,,0 / 20,,1122,2022-01-11 15:00:27:929
-1.943,2.2262,8.3228,0.3249,-0.6788,9.7777,-3.424,6.4081,4.8074,-2.3242,-1.8763,-0.604,3.9,-1.42,-13.42,246.92,3.97,-1.9,48.843887,2.353351,95.2,NaN,,11.476,,0 / 20,,1126,2022-01-11 15:00:27:933
-1.943,2.2262,8.3228,0.3249,-0.6788,9.7777,-3.424,6.4081,4.8074,-2.3242,-1.8763,-0.604,3.9,-1.42,-13.42,246.92,3.97,-1.9,48.843887,2.353351,95.2,NaN,,11.476,,0 / 20,,1132,2022-01-11 15:00:27:939
-1.943,2.2262,8.3228,0.3249,-0.6788,9.7777,-3.424,6.4081,4.8074,-2.3242,-1.8763,-0.604,3.9,-1.42,-13.42,246.92,3.97,-1.9,48.843887,2.353351,95.2,NaN,,11.476,,0 / 20,,1137,2022-01-11 15:00:27:944
-1.943,2.2262,8.3228,0.3249,-0.6788,9.7777,-3.424,6.4081,4.8074,-2.3242,-1.8763,-0.604,3.9,-1.42,-13.42,246.92,3.97,-1.9,48.843887,2.353351,95.2,NaN,,11.476,,0 / 20,,1142,2022-01-11 15:00:27:949
-1.943,2.2262,8.3228,0.3249,-0.6788,9.7777,-3.424,6.4081,4.8074,-2.3242,-1.8763,-0.604,3.9,-1.42,-13.42,246.92,3.97,-1.9,48.843887,2.353351,95.2,NaN,,11.476,,0 / 20,,1147,2022-01-11 15:00:27:954
-1.943,2.2262,8.3228,0.3249,-0.6788,9.7777,-3.424,6.4081,4.8074,-2.3242,-1.8763,-0.604,3.9,-1.42,-13.42,246.92,3.97,-1.9,48.843887,2.353351,95.2,NaN,,11.476,,0 / 20,,1152,2022-01-11 15:00:27:959
-1.943,2.2262,8.3228,0.3249,-0.6788,9.7777,-3.424,6.4081,4.8074,-2.3242,-1.8763,-0.604,3.9,-1.42,-13.42,246.92,3.97,-1.9,48.843887,2.353351,95.2,NaN,,11.476,,0 / 20,,1157,2022-01-11 15:00:27:964
-1.943,2.2262,8.3228,0.0244,0.6622,9.7842,0.6581,0.0307,4.8657,-2.3242,-1.8763,-0.604,3.9,-1.42,-13.42,246.92,3.97,-1.9,48.843887,2.353351,95.2,NaN,,11.476,,0 / 20,,1162,2022-01-11 15:00:27:969
-1.943,2.2262,8.3228,0.0244,0.6622,9.7842,0.6581,0.0307,4.8657,-2.3242,-1.8763,-0.604,3.9,-1.42,-13.42,246.92,3.97,-1.9,48.843887,2.353351,95.2,NaN,,11.476,,0 / 20,,1167,2022-01-11 15:00:27:974
-1.943,2.2262,8.3228,0.0244,0.6622,9.7842,0.6581,0.0307,4.8657,-2.3242,-1.8763,-0.604,3.9,-1.42,-13.42,246.92,3.97,-1.9,48.843887,2.353351,95.2,NaN,,11.476,,0 / 20,,1172,2022-01-11 15:00:27:979
-1.943,2.2262,8.3228,0.0244,0.6622,9.7842,0.6581,0.0307,4.8657,-2.3242,-1.8763,-0.604,3.9,-1.42,-13.42,246.92,3.97,-1.9,48.843887,2.353351,95.2,NaN,,11.476,,0 / 20,,1176,2022-01-11 15:00:27:983
1.928,0.0628,9.6703,0.0244,0.6622,9.7842,0.6581,0.0307,4.8657,-2.3242,-1.8763,-0.604,3.9,-1.42,-13.42,246.92,3.97,-1.9,48.843887,2.353351,95.2,NaN,,11.476,,0 / 20,,1183,2022-01-11 15:00:27:990
1.928,0.0628,9.6703,0.0244,0.6622,9.7842,0.6581,0.0307,4.8657,-2.3242,-1.8763,-0.604,3.9,-1.42,-13.42,246.92,3.97,-1.9,48.843887,2.353351,95.2,NaN,,11.476,,0 / 20,,1187,2022-01-11 15:00:27:994
1.928,0.0628,9.6703,0.0244,0.6622,9.7842,0.6581,0.0307,4.8657,-2.3242,-1.8763,-0.604,3.9,-1.42,-13.42,246.92,3.97,-1.9,48.843887,2.353351,95.2,NaN,,11.476,,0 / 20,,1191,2022-01-11 15:00:27:998
1.928,0.0628,9.6703,0.0244,0.6622,9.7842,0.6581,0.0307,4.8657,-0.2091,-0.5246,0.886,3.9,-1.42,-13.42,246.92,3.97,-1.9,48.843887,2.353351,95.2,NaN,,11.476,,0 / 20,,1197,2022-01-11 15:00:28:004
1.928,0.0628,9.6703,0.0244,0.6622,9.7842,0.6581,0.0307,4.8657,-0.2091,-0.5246,0.886,3.9,-1.42,-13.42,246.92,3.97,-1.9,48.843887,2.353351,95.2,NaN,,11.476,,0 / 20,,1202,2022-01-11 15:00:28:009
1.928,0.0628,9.6703,0.0244,0.6622,9.7842,0.6581,0.0307,4.8657,-0.2091,-0.5246,0.886,4.8,-1.05,-13.2,268.63,-3.87,-0.14,48.843887,2.353351,95.2,NaN,,11.476,,0 / 20,,1207,2022-01-11 15:00:28:014
1.928,0.0628,9.6703,0.0244,0.6622,9.7842,0.6581,0.0307,4.8657,-0.2091,-0.5246,0.886,4.8,-1.05,-13.2,268.63,-3.87,-0.14,48.843887,2.353351,95.2,NaN,,11.476,,0 / 20,,1212,2022-01-11 15:00:28:019
1.928,0.0628,9.6703,0.0244,0.6622,9.7842,0.6581,0.0307,4.8657,-0.2091,-0.5246,0.886,4.8,-1.05,-13.2,268.63,-3.87,-0.14,48.843887,2.353351,95.2,NaN,,11.476,,0 / 20,,1217,2022-01-11 15:00:28:024
1.928,0.0628,9.6703,0.3793,0.5275,9.7851,-1.462,1.2879,-0.0872,-0.2091,-0.5246,0.886,4.8,-1.05,-13.2,268.63,-3.87,-0.14,48.843887,2.353351,95.2,NaN,,11.476,,0 / 20,,1222,2022-01-11 15:00:28:029
1.928,0.0628,9.6703,0.3793,0.5275,9.7851,-1.462,1.2879,-0.0872,-0.2091,-0.5246,0.886,4.8,-1.05,-13.2,268.63,-3.87,-0.14,48.843887,2.353351,95.2,NaN,,11.476,,0 / 20,,1226,2022-01-11 15:00:28:033
1.928,0.0628,9.6703,0.3793,0.5275,9.7851,-1.462,1.2879,-0.0872,-0.2091,-0.5246,0.886,4.8,-1.05,-13.2,268.63,-3.87,-0.14,48.843887,2.353351,95.2,NaN,,11.476,,0 / 20,,1232,2022-01-11 15:00:28:039
1.928,0.0628,9.6703,0.3793,0.5275,9.7851,-1.462,1.2879,-0.0872,-0.2091,-0.5246,0.886,4.8,-1.05,-13.2,268.63,-3.87,-0.14,48.843887,2.353351,95.2,NaN,,11.476,,0 / 20,,1237,2022-01-11 15:00:28:044
1.928,0.0628,9.6703,0.3793,0.5275,9.7851,-1.462,1.2879,-0.0872,-0.2091,-0.5246,0.886,4.8,-1.05,-13.2,268.63,-3.87,-0.14,48.843887,2.353351,95.2,NaN,,11.476,,0 / 20,,1242,2022-01-11 15:00:28:049
2.4479,-0.5061,9.2665,0.3793,0.5275,9.7851,-1.462,1.2879,-0.0872,-0.2091,-0.5246,0.886,4.8,-1.05,-13.2,268.63,-3.87,-0.14,48.843887,2.353351,95.2,NaN,,11.476,,0 / 20,,1247,2022-01-11 15:00:28:054
2.4479,-0.5061,9.2665,0.3793,0.5275,9.7851,-1.462,1.2879,-0.0872,-0.2091,-0.5246,0.886,4.8,-1.05,-13.2,268.63,-3.87,-0.14,48.843887,2.353351,95.2,NaN,,11.476,,0 / 20,,1252,2022-01-11 15:00:28:059
2.4479,-0.5061,9.2665,0.3793,0.5275,9.7851,-1.462,1.2879,-0.0872,-0.2091,-0.5246,0.886,4.8,-1.05,-13.2,268.63,-3.87,-0.14,48.843887,2.353351,95.2,NaN,,11.476,,0 / 20,,1259,2022-01-11 15:00:28:066
2.4479,-0.5061,9.2665,0.3793,0.5275,9.7851,-1.462,1.2879,-0.0872,-0.2091,-0.5246,0.886,4.8,-1.05,-13.2,268.63,-3.87,-0.14,48.843887,2.353351,95.2,NaN,,11.476,,0 / 20,,1262,2022-01-11 15:00:28:069
2.4479,-0.5061,9.2665,0.3793,0.5275,9.7851,-1.462,1.2879,-0.0872,-0.2091,-0.5246,0.886,4.8,-1.05,-13.2,268.63,-3.87,-0.14,48.843887,2.353351,95.2,NaN,,11.476,,0 / 20,,1267,2022-01-11 15:00:28:074
2.4479,-0.5061,9.2665,0.3793,0.5275,9.7851,-1.462,1.2879,-0.0872,-0.2091,-0.5246,0.886,4.8,-1.05,-13.2,268.63,-3.87,-0.14,48.843887,2.353351,95.2,NaN,,11.476,,0 / 20,,1271,2022-01-11 15:00:28:078
2.4479,-0.5061,9.2665,0.3793,0.5275,9.7851,-1.462,1.2879,-0.0872,-0.2091,-0.5246,0.886,4.8,-1.05,-13.2,268.63,-3.87,-0.14,48.843887,2.353351,95.2,NaN,,11.476,,0 / 20,,1276,2022-01-11 15:00:28:083
2.4479,-0.5061,9.2665,0.3793,0.5275,9.7851,-1.462,1.2879,-0.0872,-0.2091,-0.5246,0.886,4.8,-1.05,-13.2,268.63,-3.87,-0.14,48.843887,2.353351,95.2,NaN,,11.476,,0 / 20,,1282,2022-01-11 15:00:28:089
2.4479,-0.5061,9.2665,0.3793,0.5275,9.7851,-1.462,1.2879,-0.0872,-0.2091,-0.5246,0.886,4.8,-1.05,-13.2,268.63,-3.87,-0.14,48.843887,2.353351,95.2,NaN,,11.476,,0 / 20,,1287,2022-01-11 15:00:28:094
2.4479,-0.5061,9.2665,0.3793,0.5275,9.7851,-1.462,1.2879,-0.0872,-0.2091,-0.5246,0.886,4.8,-1.05,-13.2,268.63,-3.87,-0.14,48.843887,2.353351,95.2,NaN,,11.476,,0 / 20,,1292,2022-01-11 15:00:28:099
2.4479,-0.5061,9.2665,0.3793,0.5275,9.7851,-1.462,1.2879,-0.0872,-0.2091,-0.5246,0.886,4.8,-1.05,-13.2,268.63,-3.87,-0.14,48.843887,2.353351,95.2,NaN,,11.476,,0 / 20,,1297,2022-01-11 15:00:28:104
2.4479,-0.5061,9.2665,0.3793,0.5275,9.7851,-1.462,1.2879,-0.0872,-0.2091,-0.5246,0.886,4.8,-1.05,-13.2,268.63,-3.87,-0.14,48.843887,2.353351,95.2,NaN,,11.476,,0 / 20,,1302,2022-01-11 15:00:28:109
0.3206,0.7158,8.8606,0.3793,0.5275,9.7851,-1.462,1.2879,-0.0872,-0.2091,-0.5246,0.886,15.6,-0.75,-23.03,270.69,-3.08,-2.22,48.843887,2.353351,95.2,NaN,,11.476,,0 / 20,,1307,2022-01-11 15:00:28:114
0.3206,0.7158,8.8606,0.3793,0.5275,9.7851,-1.462,1.2879,-0.0872,-0.2091,-0.5246,0.886,15.6,-0.75,-23.03,270.69,-3.08,-2.22,48.843887,2.353351,95.2,NaN,,11.476,,0 / 20,,1312,2022-01-11 15:00:28:119
0.3206,0.7158,8.8606,0.3793,0.5275,9.7851,-1.462,1.2879,-0.0872,-0.2091,-0.5246,0.886,15.6,-0.75,-23.03,270.69,-3.08,-2.22,48.843887,2.353351,95.2,NaN,,11.476,,0 / 20,,1317,2022-01-11 15:00:28:124
0.3206,0.7158,8.8606,0.3793,0.5275,9.7851,-1.462,1.2879,-0.0872,0.1582,0.0696,0.3497,15.6,-0.75,-23.03,270.69,-3.08,-2.22,48.843887,2.353351,95.2,NaN,,11.476,,0 / 20,,1322,2022-01-11 15:00:28:129
0.3206,0.7158,8.8606,0.3793,0.5275,9.7851,-1.462,1.2879,-0.0872,0.1582,0.0696,0.3497,15.6,-0.75,-23.03,270.69,-3.08,-2.22,48.843887,2.353351,95.2,NaN,,11.476,,0 / 20,,1326,2022-01-11 15:00:28:133
0.3206,0.7158,8.8606,0.3793,0.5275,9.7851,-1.462,1.2879,-0.0872,0.1582,0.0696,0.3497,15.6,-0.75,-23.03,270.69,-3.08,-2.22,48.843887,2.353351,95.2,NaN,,11.476,,0 / 20,,1332,2022-01-11 15:00:28:139
0.3206,0.7158,8.8606,0.3793,0.5275,9.7851,-1.462,1.2879,-0.0872,0.1582,0.0696,0.3497,15.6,-0.75,-23.03,270.69,-3.08,-2.22,48.843887,2.353351,95.2,NaN,,11.476,,0 / 20,,1337,2022-01-11 15:00:28:144
0.3206,0.7158,8.8606,0.3793,0.5275,9.7851,-1.462,1.2879,-0.0872,0.1582,0.0696,0.3497,15.6,-0.75,-23.03,270.69,-3.08,-2.22,48.843887,2.353351,95.2,NaN,,11.476,,0 / 20,,1342,2022-01-11 15:00:28:149
0.3206,0.7158,8.8606,0.0377,0.9999,9.7555,1.3922,-0.7604,0.1176,0.1582,0.0696,0.3497,15.6,-0.75,-23.03,270.69,-3.08,-2.22,48.843887,2.353351,95.2,NaN,,11.476,,0 / 20,,1347,2022-01-11 15:00:28:154
0.3206,0.7158,8.8606,0.0377,0.9999,9.7555,1.3922,-0.7604,0.1176,0.1582,0.0696,0.3497,15.6,-0.75,-23.03,270.69,-3.08,-2.22,48.843887,2.353351,95.2,NaN,,11.476,,0 / 20,,1352,2022-01-11 15:00:28:159
0.3206,0.7158,8.8606,0.0377,0.9999,9.7555,1.3922,-0.7604,0.1176,0.1582,0.0696,0.3497,15.6,-0.75,-23.03,270.69,-3.08,-2.22,48.843887,2.353351,95.2,NaN,,11.476,,0 / 20,,1357,2022-01-11 15:00:28:164
0.3206,0.7158,8.8606,0.0377,0.9999,9.7555,1.3922,-0.7604,0.1176,0.1582,0.0696,0.3497,15.6,-0.75,-23.03,270.69,-3.08,-2.22,48.843887,2.353351,95.2,NaN,,11.476,,0 / 20,,1361,2022-01-11 15:00:28:168
0.3206,0.7158,8.8606,0.0377,0.9999,9.7555,1.3922,-0.7604,0.1176,0.1582,0.0696,0.3497,15.6,-0.75,-23.03,270.69,-3.08,-2.22,48.843887,2.353351,95.2,NaN,,11.476,,0 / 20,,1366,2022-01-11 15:00:28:173
0.3206,0.7158,8.8606,0.0377,0.9999,9.7555,1.3922,-0.7604,0.1176,0.1582,0.0696,0.3497,15.6,-0.75,-23.03,270.69,-3.08,-2.22,48.843887,2.353351,95.2,NaN,,11.476,,0 / 20,,1372,2022-01-11 15:00:28:179
0.3206,0.7158,8.8606,0.0377,0.9999,9.7555,1.3922,-0.7604,0.1176,0.1582,0.0696,0.3497,15.6,-0.75,-23.03,270.69,-3.08,-2.22,48.843887,2.353351,95.2,NaN,,11.476,,0 / 20,,1376,2022-01-11 15:00:28:183
1.1243,0.4199,9.5934,0.0377,0.9999,9.7555,1.3922,-0.7604,0.1176,0.1582,0.0696,0.3497,15.6,-0.75,-23.03,270.69,-3.08,-2.22,48.843887,2.353351,95.2,NaN,,11.476,,0 / 20,,1381,2022-01-11 15:00:28:188
1.1243,0.4199,9.5934,0.0377,0.9999,9.7555,1.3922,-0.7604,0.1176,0.1582,0.0696,0.3497,15.6,-0.75,-23.03,270.69,-3.08,-2.22,48.843887,2.353351,95.2,NaN,,11.476,,0 / 20,,1387,2022-01-11 15:00:28:194
1.1243,0.4199,9.5934,0.0377,0.9999,9.7555,1.3922,-0.7604,0.1176,0.1582,0.0696,0.3497,15.6,-0.75,-23.03,270.69,-3.08,-2.22,48.843887,2.353351,95.2,NaN,,11.476,,0 / 20,,1391,2022-01-11 15:00:28:198
1.1243,0.4199,9.5934,0.0377,0.9999,9.7555,1.3922,-0.7604,0.1176,0.1582,0.0696,0.3497,15.6,-0.75,-23.03,270.69,-3.08,-2.22,48.843887,2.353351,95.2,NaN,,11.476,,0 / 20,,1396,2022-01-11 15:00:28:203
1.1243,0.4199,9.5934,0.0377,0.9999,9.7555,1.3922,-0.7604,0.1176,0.1582,0.0696,0.3497,16.2,-0.37,-33.07,281.76,-5.85,-0.22,48.843887,2.353351,95.2,NaN,,11.476,,0 / 20,,1401,2022-01-11 15:00:28:208
1.1243,0.4199,9.5934,0.0377,0.9999,9.7555,1.3922,-0.7604,0.1176,0.1582,0.0696,0.3497,16.2,-0.37,-33.07,281.76,-5.85,-0.22,48.843887,2.353351,95.2,NaN,,11.476,,0 / 20,,1406,2022-01-11 15:00:28:213
1.1243,0.4199,9.5934,0.0377,0.9999,9.7555,1.3922,-0.7604,0.1176,0.1582,0.0696,0.3497,16.2,-0.37,-33.07,281.76,-5.85,-0.22,48.843887,2.353351,95.2,NaN,,11.476,,0 / 20,,1411,2022-01-11 15:00:28:218
1.1243,0.4199,9.5934,0.0377,0.9999,9.7555,1.3922,-0.7604,0.1176,0.1582,0.0696,0.3497,16.2,-0.37,-33.07,281.76,-5.85,-0.22,48.843887,2.353351,95.2,NaN,,11.476,,0 / 20,,1416,2022-01-11 15:00:28:223
1.1243,0.4199,9.5934,0.0377,0.9999,9.7555,1.3922,-0.7604,0.1176,0.1582,0.0696,0.3497,16.2,-0.37,-33.07,281.76,-5.85,-0.22,48.843887,2.353351,95.2,NaN,,11.476,,0 / 20,,1422,2022-01-11 15:00:28:229
1.1243,0.4199,9.5934,0.0377,0.9999,9.7555,1.3922,-0.7604,0.1176,0.1582,0.0696,0.3497,16.2,-0.37,-33.07,281.76,-5.85,-0.22,48.843887,2.353351,95.2,NaN,,11.476,,0 / 20,,1426,2022-01-11 15:00:28:233
1.1243,0.4199,9.5934,0.0377,0.9999,9.7555,1.3922,-0.7604,0.1176,0.1582,0.0696,0.3497,16.2,-0.37,-33.07,281.76,-5.85,-0.22,48.843887,2.353351,95.2,NaN,,11.476,,0 / 20,,1431,2022-01-11 15:00:28:238
1.1243,0.4199,9.5934,0.0377,0.9999,9.7555,1.3922,-0.7604,0.1176,0.1582,0.0696,0.3497,16.2,-0.37,-33.07,281.76,-5.85,-0.22,48.843887,2.353351,95.2,NaN,,11.476,,0 / 20,,1436,2022-01-11 15:00:28:243
1.1243,0.4199,9.5934,0.0377,0.9999,9.7555,1.3922,-0.7604,0.1176,0.1582,0.0696,0.3497,16.2,-0.37,-33.07,281.76,-5.85,-0.22,48.843887,2.353351,95.2,NaN,,11.476,,0 / 20,,1443,2022-01-11 15:00:28:250
1.1243,0.4199,9.5934,0.0377,0.9999,9.7555,1.3922,-0.7604,0.1176,0.1582,0.0696,0.3497,16.2,-0.37,-33.07,281.76,-5.85,-0.22,48.843887,2.353351,95.2,NaN,,11.476,,0 / 20,,1447,2022-01-11 15:00:28:254
0.6954,0.4187,9.5599,-0.2792,1.1138,9.7392,0.9492,-0.4776,0.3155,0.0101,0.2534,0.3732,16.2,-0.37,-33.07,281.76,-5.85,-0.22,48.843887,2.353351,95.2,NaN,,11.476,,0 / 20,,1451,2022-01-11 15:00:28:258
0.6954,0.4187,9.5599,-0.2792,1.1138,9.7392,0.9492,-0.4776,0.3155,0.0101,0.2534,0.3732,16.2,-0.37,-33.07,281.76,-5.85,-0.22,48.843887,2.353351,95.2,NaN,,11.476,,0 / 20,,1456,2022-01-11 15:00:28:263
0.6954,0.4187,9.5599,-0.2792,1.1138,9.7392,0.9492,-0.4776,0.3155,0.0101,0.2534,0.3732,16.2,-0.37,-33.07,281.76,-5.85,-0.22,48.843887,2.353351,95.2,NaN,,11.476,,0 / 20,,1463,2022-01-11 15:00:28:270
0.6954,0.4187,9.5599,-0.2792,1.1138,9.7392,0.9492,-0.4776,0.3155,0.0101,0.2534,0.3732,16.2,-0.37,-33.07,281.76,-5.85,-0.22,48.843887,2.353351,95.2,NaN,,11.476,,0 / 20,,1467,2022-01-11 15:00:28:274
0.6954,0.4187,9.5599,-0.2792,1.1138,9.7392,0.9492,-0.4776,0.3155,0.0101,0.2534,0.3732,16.2,-0.37,-33.07,281.76,-5.85,-0.22,48.843887,2.353351,95.2,NaN,,11.476,,0 / 20,,1472,2022-01-11 15:00:28:279
0.6954,0.4187,9.5599,-0.2792,1.1138,9.7392,0.9492,-0.4776,0.3155,0.0101,0.2534,0.3732,16.2,-0.37,-33.07,281.76,-5.85,-0.22,48.843887,2.353351,95.2,NaN,,11.476,,0 / 20,,1477,2022-01-11 15:00:28:284
0.6954,0.4187,9.5599,-0.2792,1.1138,9.7392,0.9492,-0.4776,0.3155,0.0101,0.2534,0.3732,16.2,-0.37,-33.07,281.76,-5.85,-0.22,48.843887,2.353351,95.2,NaN,,11.476,,0 / 20,,1481,2022-01-11 15:00:28:288
0.6954,0.4187,9.5599,-0.2792,1.1138,9.7392,0.9492,-0.4776,0.3155,0.0101,0.2534,0.3732,16.2,-0.37,-33.07,281.76,-5.85,-0.22,48.843887,2.353351,95.2,NaN,,11.476,,0 / 20,,1487,2022-01-11 15:00:28:294
0.6954,0.4187,9.5599,-0.2792,1.1138,9.7392,0.9492,-0.4776,0.3155,0.0101,0.2534,0.3732,16.2,-0.37,-33.07,281.76,-5.85,-0.22,48.843887,2.353351,95.2,NaN,,11.476,,0 / 20,,1492,2022-01-11 15:00:28:299
0.6954,0.4187,9.5599,-0.2792,1.1138,9.7392,0.9492,-0.4776,0.3155,0.0101,0.2534,0.3732,16.2,-0.37,-33.07,281.76,-5.85,-0.22,48.843887,2.353351,95.2,NaN,,11.476,,0 / 20,,1496,2022-01-11 15:00:28:303
0.6954,0.4187,9.5599,-0.2792,1.1138,9.7392,0.9492,-0.4776,0.3155,0.0101,0.2534,0.3732,16.2,-0.37,-33.07,281.76,-5.85,-0.22,48.843887,2.353351,95.2,NaN,,11.476,,0 / 20,,1502,2022-01-11 15:00:28:309
0.6954,0.4187,9.5599,-0.2792,1.1138,9.7392,0.9492,-0.4776,0.3155,0.0101,0.2534,0.3732,12.08,0.98,-39.53,297.19,-6.52,1.64,48.843887,2.353351,95.2,NaN,,11.476,,0 / 20,,1506,2022-01-11 15:00:28:313
0.6954,0.4187,9.5599,-0.2792,1.1138,9.7392,0.9492,-0.4776,0.3155,0.0101,0.2534,0.3732,12.08,0.98,-39.53,297.19,-6.52,1.64,48.843887,2.353351,95.2,NaN,,11.476,,0 / 20,,1511,2022-01-11 15:00:28:318
0.4765,0.8306,9.1325,-0.3343,1.1373,9.7347,0.9501,-0.5344,0.6356,0.0101,0.2534,0.3732,12.08,0.98,-39.53,297.19,-6.52,1.64,48.843887,2.353351,95.2,NaN,,11.476,,0 / 20,,1517,2022-01-11 15:00:28:324
0.4765,0.8306,9.1325,-0.3343,1.1373,9.7347,0.9501,-0.5344,0.6356,0.0101,0.2534,0.3732,12.08,0.98,-39.53,297.19,-6.52,1.64,48.843887,2.353351,95.2,NaN,,11.476,,0 / 20,,1521,2022-01-11 15:00:28:328
0.4765,0.8306,9.1325,-0.3343,1.1373,9.7347,0.9501,-0.5344,0.6356,0.0101,0.2534,0.3732,12.08,0.98,-39.53,297.19,-6.52,1.64,48.843887,2.353351,95.2,NaN,,11.476,,0 / 20,,1526,2022-01-11 15:00:28:333
0.4765,0.8306,9.1325,-0.3343,1.1373,9.7347,0.9501,-0.5344,0.6356,0.0101,0.2534,0.3732,12.08,0.98,-39.53,297.19,-6.52,1.64,48.843887,2.353351,95.2,NaN,,11.476,,0 / 20,,1531,2022-01-11 15:00:28:338
0.4765,0.8306,9.1325,-0.3343,1.1373,9.7347,0.9501,-0.5344,0.6356,0.1704,0.1626,0.1332,12.08,0.98,-39.53,297.19,-6.52,1.64,48.843887,2.353351,95.2,NaN,,11.476,,0 / 20,,1537,2022-01-11 15:00:28:344
0.4765,0.8306,9.1325,-0.3343,1.1373,9.7347,0.9501,-0.5344,0.6356,0.1704,0.1626,0.1332,12.08,0.98,-39.53,297.19,-6.52,1.64,48.843887,2.353351,95.2,NaN,,11.476,,0 / 20,,1541,2022-01-11 15:00:28:348
0.4765,0.8306,9.1325,-0.3343,1.1373,9.7347,0.9501,-0.5344,0.6356,0.1704,0.1626,0.1332,12.08,0.98,-39.53,297.19,-6.52,1.64,48.843887,2.353351,95.2,NaN,,11.476,,0 / 20,,1547,2022-01-11 15:00:28:354
0.4765,0.8306,9.1325,-0.3343,1.1373,9.7347,0.9501,-0.5344,0.6356,0.1704,0.1626,0.1332,12.08,0.98,-39.53,297.19,-6.52,1.64,48.843887,2.353351,95.2,NaN,,11.476,,0 / 20,,1552,2022-01-11 15:00:28:359
0.4765,0.8306,9.1325,-0.3343,1.1373,9.7347,0.9501,-0.5344,0.6356,0.1704,0.1626,0.1332,12.08,0.98,-39.53,297.19,-6.52,1.64,48.843887,2.353351,95.2,NaN,,11.476,,0 / 20,,1556,2022-01-11 15:00:28:363
0.4765,0.8306,9.1325,-0.3343,1.1373,9.7347,0.9501,-0.5344,0.6356,0.1704,0.1626,0.1332,12.08,0.98,-39.53,297.19,-6.52,1.64,48.843887,2.353351,95.2,NaN,,11.476,,0 / 20,,1562,2022-01-11 15:00:28:369
0.4765,0.8306,9.1325,-0.3343,1.1373,9.7347,0.9501,-0.5344,0.6356,0.1704,0.1626,0.1332,12.08,0.98,-39.53,297.19,-6.52,1.64,48.843887,2.353351,95.2,NaN,,11.476,,0 / 20,,1567,2022-01-11 15:00:28:374
0.4765,0.8306,9.1325,-0.3343,1.1373,9.7347,0.9501,-0.5344,0.6356,0.1704,0.1626,0.1332,12.08,0.98,-39.53,297.19,-6.52,1.64,48.843887,2.353351,95.2,NaN,,11.476,,0 / 20,,1572,2022-01-11 15:00:28:379
0.4765,0.8306,9.1325,-0.3343,1.1373,9.7347,0.9501,-0.5344,0.6356,0.1704,0.1626,0.1332,12.08,0.98,-39.53,297.19,-6.52,1.64,48.843887,2.353351,95.2,NaN,,11.476,,0 / 20,,1576,2022-01-11 15:00:28:383
0.1875,1.0331,9.2258,-0.4944,1.2584,9.713,0.9125,-0.6582,0.5668,0.1704,0.1626,0.1332,12.08,0.98,-39.53,297.19,-6.52,1.64,48.843887,2.353351,95.2,NaN,,11.476,,0 / 20,,1582,2022-01-11 15:00:28:389
0.1875,1.0331,9.2258,-0.4944,1.2584,9.713,0.9125,-0.6582,0.5668,0.1704,0.1626,0.1332,12.08,0.98,-39.53,297.19,-6.52,1.64,48.843887,2.353351,95.2,NaN,,11.476,,0 / 20,,1587,2022-01-11 15:00:28:394
0.1875,1.0331,9.2258,-0.4944,1.2584,9.713,0.9125,-0.6582,0.5668,0.1704,0.1626,0.1332,12.08,0.98,-39.53,297.19,-6.52,1.64,48.843887,2.353351,95.2,NaN,,11.476,,0 / 20,,1592,2022-01-11 15:00:28:399
0.1875,1.0331,9.2258,-0.4944,1.2584,9.713,0.9125,-0.6582,0.5668,0.1704,0.1626,0.1332,12.08,0.98,-39.53,297.19,-6.52,1.64,48.843887,2.353351,95.2,NaN,,11.476,,0 / 20,,1596,2022-01-11 15:00:28:403
0.1875,1.0331,9.2258,-0.4944,1.2584,9.713,0.9125,-0.6582,0.5668,0.1704,0.1626,0.1332,12.08,0.98,-39.53,297.19,-6.52,1.64,48.843887,2.353351,95.2,NaN,,11.476,,0 / 20,,1601,2022-01-11 15:00:28:408
0.1875,1.0331,9.2258,-0.4944,1.2584,9.713,0.9125,-0.6582,0.5668,0.1704,0.1626,0.1332,12.75,-0.37,-39.3,294.8,-7.37,2.91,48.843887,2.353351,95.2,NaN,,11.476,,0 / 20,,1607,2022-01-11 15:00:28:414
0.1875,1.0331,9.2258,-0.4944,1.2584,9.713,0.9125,-0.6582,0.5668,0.1704,0.1626,0.1332,12.75,-0.37,-39.3,294.8,-7.37,2.91,48.843887,2.353351,95.2,NaN,,11.476,,0 / 20,,1611,2022-01-11 15:00:28:418
0.1875,1.0331,9.2258,-0.4944,1.2584,9.713,0.9125,-0.6582,0.5668,0.1704,0.1626,0.1332,12.75,-0.37,-39.3,294.8,-7.37,2.91,48.843887,2.353351,95.2,NaN,,11.476,,0 / 20,,1618,2022-01-11 15:00:28:425
0.1875,1.0331,9.2258,-0.4944,1.2584,9.713,0.9125,-0.6582,0.5668,0.1704,0.1626,0.1332,12.75,-0.37,-39.3,294.8,-7.37,2.91,48.843887,2.353351,95.2,NaN,,11.476,,0 / 20,,1622,2022-01-11 15:00:28:429
0.1875,1.0331,9.2258,-0.4944,1.2584,9.713,0.9125,-0.6582,0.5668,0.1704,0.1626,0.1332,12.75,-0.37,-39.3,294.8,-7.37,2.91,48.843887,2.353351,95.2,NaN,,11.476,,0 / 20,,1627,2022-01-11 15:00:28:434
0.1875,1.0331,9.2258,-0.4944,1.2584,9.713,0.9125,-0.6582,0.5668,0.1704,0.1626,0.1332,12.75,-0.37,-39.3,294.8,-7.37,2.91,48.843887,2.353351,95.2,NaN,,11.476,,0 / 20,,1631,2022-01-11 15:00:28:438
0.1875,1.0331,9.2258,-0.4944,1.2584,9.713,0.9125,-0.6582,0.5668,0.1704,0.1626,0.1332,12.75,-0.37,-39.3,294.8,-7.37,2.91,48.843887,2.353351,95.2,NaN,,11.476,,0 / 20,,1636,2022-01-11 15:00:28:443
0.1875,1.0331,9.2258,-0.4944,1.2584,9.713,0.9125,-0.6582,0.5668,0.1704,0.1626,0.1332,12.75,-0.37,-39.3,294.8,-7.37,2.91,48.843887,2.353351,95.2,NaN,,11.476,,0 / 20,,1642,2022-01-11 15:00:28:449
0.1062,1.0654,9.597,-0.5943,1.3557,9.6943,0.5566,-0.2913,0.5151,0.1704,0.1626,0.1332,12.75,-0.37,-39.3,294.8,-7.37,2.91,48.843887,2.353351,95.2,NaN,,11.476,,0 / 20,,1646,2022-01-11 15:00:28:453
0.1062,1.0654,9.597,-0.5943,1.3557,9.6943,0.5566,-0.2913,0.5151,0.1704,0.1626,0.1332,12.75,-0.37,-39.3,294.8,-7.37,2.91,48.843887,2.353351,95.2,NaN,,11.476,,0 / 20,,1653,2022-01-11 15:00:28:460
0.1062,1.0654,9.597,-0.5943,1.3557,9.6943,0.5566,-0.2913,0.5151,0.1704,0.1626,0.1332,12.75,-0.37,-39.3,294.8,-7.37,2.91,48.843887,2.353351,95.2,NaN,,11.476,,0 / 20,,1657,2022-01-11 15:00:28:464
0.1062,1.0654,9.597,-0.5943,1.3557,9.6943,0.5566,-0.2913,0.5151,0.1704,0.1626,0.1332,12.75,-0.37,-39.3,294.8,-7.37,2.91,48.843887,2.353351,95.2,NaN,,11.476,,0 / 20,,1662,2022-01-11 15:00:28:469
0.1062,1.0654,9.597,-0.5943,1.3557,9.6943,0.5566,-0.2913,0.5151,0.1704,0.1626,0.1332,12.75,-0.37,-39.3,294.8,-7.37,2.91,48.843887,2.353351,95.2,NaN,,11.476,,0 / 20,,1666,2022-01-11 15:00:28:473
0.1062,1.0654,9.597,-0.5943,1.3557,9.6943,0.5566,-0.2913,0.5151,0.0984,0.1101,0.0426,12.75,-0.37,-39.3,294.8,-7.37,2.91,48.843887,2.353351,95.2,NaN,,11.476,,0 / 20,,1672,2022-01-11 15:00:28:479
0.1062,1.0654,9.597,-0.5943,1.3557,9.6943,0.5566,-0.2913,0.5151,0.0984,0.1101,0.0426,12.75,-0.37,-39.3,294.8,-7.37,2.91,48.843887,2.353351,95.2,NaN,,11.476,,0 / 20,,1676,2022-01-11 15:00:28:483
0.1062,1.0654,9.597,-0.5943,1.3557,9.6943,0.5566,-0.2913,0.5151,0.0984,0.1101,0.0426,12.75,-0.37,-39.3,294.8,-7.37,2.91,48.843887,2.353351,95.2,NaN,,11.476,,0 / 20,,1682,2022-01-11 15:00:28:489
0.1062,1.0654,9.597,-0.5943,1.3557,9.6943,0.5566,-0.2913,0.5151,0.0984,0.1101,0.0426,12.75,-0.37,-39.3,294.8,-7.37,2.91,48.843887,2.353351,95.2,NaN,,11.476,,0 / 20,,1687,2022-01-11 15:00:28:494
0.1062,1.0654,9.597,-0.5943,1.3557,9.6943,0.5566,-0.2913,0.5151,0.0984,0.1101,0.0426,12.75,-0.37,-39.3,294.8,-7.37,2.91,48.843887,2.353351,95.2,NaN,,11.476,,0 / 20,,1692,2022-01-11 15:00:28:499
0.1062,1.0654,9.597,-0.5943,1.3557,9.6943,0.5566,-0.2913,0.5151,0.0984,0.1101,0.0426,12.75,-0.37,-39.3,294.8,-7.37,2.91,48.843887,2.353351,95.2,NaN,,11.476,,0 / 20,,1696,2022-01-11 15:00:28:503
0.1062,1.0654,9.597,-0.5943,1.3557,9.6943,0.5566,-0.2913,0.5151,0.0984,0.1101,0.0426,12.75,-0.37,-39.3,294.8,-7.37,2.91,48.843887,2.353351,95.2,NaN,,11.476,,0 / 20,,1701,2022-01-11 15:00:28:508
-0.3009,1.1961,9.3287,-0.6613,1.38,9.6865,0.6504,-0.2937,0.4564,0.0984,0.1101,0.0426,14.03,-1.88,-38.78,286.89,-7.95,3.51,48.843887,2.353351,95.2,NaN,,11.476,,0 / 20,,1707,2022-01-11 15:00:28:514
-0.3009,1.1961,9.3287,-0.6613,1.38,9.6865,0.6504,-0.2937,0.4564,0.0984,0.1101,0.0426,14.03,-1.88,-38.78,286.89,-7.95,3.51,48.843887,2.353351,95.2,NaN,,11.476,,0 / 20,,1712,2022-01-11 15:00:28:519
-0.3009,1.1961,9.3287,-0.6613,1.38,9.6865,0.6504,-0.2937,0.4564,0.0984,0.1101,0.0426,14.03,-1.88,-38.78,286.89,-7.95,3.51,48.843887,2.353351,95.2,NaN,,11.476,,0 / 20,,1716,2022-01-11 15:00:28:523
-0.3009,1.1961,9.3287,-0.6613,1.38,9.6865,0.6504,-0.2937,0.4564,0.0984,0.1101,0.0426,14.03,-1.88,-38.78,286.89,-7.95,3.51,48.843887,2.353351,95.2,NaN,,11.476,,0 / 20,,1721,2022-01-11 15:00:28:528
-0.3009,1.1961,9.3287,-0.6613,1.38,9.6865,0.6504,-0.2937,0.4564,0.0984,0.1101,0.0426,14.03,-1.88,-38.78,286.89,-7.95,3.51,48.843887,2.353351,95.2,NaN,,11.476,,0 / 20,,1726,2022-01-11 15:00:28:533
-0.3009,1.1961,9.3287,-0.6613,1.38,9.6865,0.6504,-0.2937,0.4564,0.0984,0.1101,0.0426,14.03,-1.88,-38.78,286.89,-7.95,3.51,48.843887,2.353351,95.2,NaN,,11.476,,0 / 20,,1732,2022-01-11 15:00:28:539
-0.3009,1.1961,9.3287,-0.6613,1.38,9.6865,0.6504,-0.2937,0.4564,0.0984,0.1101,0.0426,14.03,-1.88,-38.78,286.89,-7.95,3.51,48.843887,2.353351,95.2,NaN,,11.476,,0 / 20,,1737,2022-01-11 15:00:28:544
-0.3009,1.1961,9.3287,-0.6613,1.38,9.6865,0.6504,-0.2937,0.4564,0.0984,0.1101,0.0426,14.03,-1.88,-38.78,286.89,-7.95,3.51,48.843887,2.353351,95.2,NaN,,11.476,,0 / 20,,1744,2022-01-11 15:00:28:551
-0.3009,1.1961,9.3287,-0.6613,1.38,9.6865,0.6504,-0.2937,0.4564,0.0984,0.1101,0.0426,14.03,-1.88,-38.78,286.89,-7.95,3.51,48.843887,2.353351,95.2,NaN,,11.476,,0 / 20,,1747,2022-01-11 15:00:28:554
-0.3009,1.1961,9.3287,-0.6613,1.38,9.6865,0.6504,-0.2937,0.4564,0.0984,0.1101,0.0426,14.03,-1.88,-38.78,286.89,-7.95,3.51,48.843887,2.353351,95.2,NaN,,11.476,,0 / 20,,1751,2022-01-11 15:00:28:558
-0.3009,1.1961,9.3287,-0.6613,1.38,9.6865,0.6504,-0.2937,0.4564,0.0984,0.1101,0.0426,14.03,-1.88,-38.78,286.89,-7.95,3.51,48.843887,2.353351,95.2,NaN,,11.476,,0 / 20,,1757,2022-01-11 15:00:28:564
0.0906,0.9147,9.1289,-0.6613,1.38,9.6865,0.6504,-0.2937,0.4564,0.0984,0.1101,0.0426,14.03,-1.88,-38.78,286.89,-7.95,3.51,48.843887,2.353351,95.2,NaN,,11.476,,0 / 20,,1761,2022-01-11 15:00:28:568
0.0906,0.9147,9.1289,-0.6613,1.38,9.6865,0.6504,-0.2937,0.4564,0.0984,0.1101,0.0426,14.03,-1.88,-38.78,286.89,-7.95,3.51,48.843887,2.353351,95.2,NaN,,11.476,,0 / 20,,1766,2022-01-11 15:00:28:573
0.0906,0.9147,9.1289,-0.6613,1.38,9.6865,0.6504,-0.2937,0.4564,0.0984,0.1101,0.0426,14.03,-1.88,-38.78,286.89,-7.95,3.51,48.843887,2.353351,95.2,NaN,,11.476,,0 / 20,,1771,2022-01-11 15:00:28:578
0.0906,0.9147,9.1289,-0.6613,1.38,9.6865,0.6504,-0.2937,0.4564,0.0984,0.1101,0.0426,14.03,-1.88,-38.78,286.89,-7.95,3.51,48.843887,2.353351,95.2,NaN,,11.476,,0 / 20,,1776,2022-01-11 15:00:28:583
0.0906,0.9147,9.1289,-0.6613,1.38,9.6865,0.6504,-0.2937,0.4564,0.0984,0.1101,0.0426,14.03,-1.88,-38.78,286.89,-7.95,3.51,48.843887,2.353351,95.2,NaN,,11.476,,0 / 20,,1781,2022-01-11 15:00:28:588
0.0906,0.9147,9.1289,-0.6613,1.38,9.6865,0.6504,-0.2937,0.4564,0.0984,0.1101,0.0426,14.03,-1.88,-38.78,286.89,-7.95,3.51,48.843887,2.353351,95.2,NaN,,11.476,,0 / 20,,1786,2022-01-11 15:00:28:593
0.0906,0.9147,9.1289,-0.6613,1.38,9.6865,0.6504,-0.2937,0.4564,0.0984,0.1101,0.0426,14.03,-1.88,-38.78,286.89,-7.95,3.51,48.843887,2.353351,95.2,NaN,,11.476,,0 / 20,,1791,2022-01-11 15:00:28:598
0.0906,0.9147,9.1289,-0.6613,1.38,9.6865,0.6504,-0.2937,0.4564,-0.0674,0.1184,-0.0043,14.03,-1.88,-38.78,286.89,-7.95,3.51,48.843887,2.353351,95.2,NaN,,11.476,,0 / 20,,1796,2022-01-11 15:00:28:603
0.0906,0.9147,9.1289,-0.6613,1.38,9.6865,0.6504,-0.2937,0.4564,-0.0674,0.1184,-0.0043,14.03,-1.88,-38.78,286.89,-7.95,3.51,48.843887,2.353351,95.2,NaN,,11.476,,0 / 20,,1802,2022-01-11 15:00:28:609
0.0906,0.9147,9.1289,-0.6613,1.38,9.6865,0.6504,-0.2937,0.4564,-0.0674,0.1184,-0.0043,14.48,-2.55,-38.7,283.14,-8.09,3.91,48.843887,2.353351,95.2,NaN,,11.476,,0 / 20,,1806,2022-01-11 15:00:28:613
0.0906,0.9147,9.1289,-0.6613,1.38,9.6865,0.6504,-0.2937,0.4564,-0.0674,0.1184,-0.0043,14.48,-2.55,-38.7,283.14,-8.09,3.91,48.843887,2.353351,95.2,NaN,,11.476,,0 / 20,,1811,2022-01-11 15:00:28:618
0.0906,0.9147,9.1289,-0.6613,1.38,9.6865,0.6504,-0.2937,0.4564,-0.0674,0.1184,-0.0043,14.48,-2.55,-38.7,283.14,-8.09,3.91,48.843887,2.353351,95.2,NaN,,11.476,,0 / 20,,1816,2022-01-11 15:00:28:623
0.0763,0.7289,10.0869,-0.6979,1.2746,9.6984,0.6504,-0.2937,0.4564,-0.0674,0.1184,-0.0043,14.48,-2.55,-38.7,283.14,-8.09,3.91,48.843887,2.353351,95.2,NaN,,11.476,,0 / 20,,1821,2022-01-11 15:00:28:628
0.0763,0.7289,10.0869,-0.6979,1.2746,9.6984,0.7814,-0.4057,0.3179,-0.0674,0.1184,-0.0043,14.48,-2.55,-38.7,283.14,-8.09,3.91,48.843887,2.353351,95.2,NaN,,11.476,,0 / 20,,1829,2022-01-11 15:00:28:636
0.0763,0.7289,10.0869,-0.6979,1.2746,9.6984,0.7814,-0.4057,0.3179,-0.0674,0.1184,-0.0043,14.48,-2.55,-38.7,283.14,-8.09,3.91,48.843887,2.353351,95.2,NaN,,11.476,,0 / 20,,1832,2022-01-11 15:00:28:639
0.0763,0.7289,10.0869,-0.6979,1.2746,9.6984,0.7814,-0.4057,0.3179,-0.0674,0.1184,-0.0043,14.48,-2.55,-38.7,283.14,-8.09,3.91,48.843887,2.353351,95.2,NaN,,11.476,,0 / 20,,1836,2022-01-11 15:00:28:643
0.0763,0.7289,10.0869,-0.6979,1.2746,9.6984,0.7814,-0.4057,0.3179,-0.0674,0.1184,-0.0043,14.48,-2.55,-38.7,283.14,-8.09,3.91,48.843887,2.353351,95.2,NaN,,11.476,,0 / 20,,1841,2022-01-11 15:00:28:648
0.0763,0.7289,10.0869,-0.6979,1.2746,9.6984,0.7814,-0.4057,0.3179,-0.0674,0.1184,-0.0043,14.48,-2.55,-38.7,283.14,-8.09,3.91,48.843887,2.353351,95.2,NaN,,11.476,,0 / 20,,1846,2022-01-11 15:00:28:653
0.0763,0.7289,10.0869,-0.6979,1.2746,9.6984,0.7814,-0.4057,0.3179,-0.0674,0.1184,-0.0043,14.48,-2.55,-38.7,283.14,-8.09,3.91,48.843887,2.353351,95.2,NaN,,11.476,,0 / 20,,1851,2022-01-11 15:00:28:658
0.0763,0.7289,10.0869,-0.6979,1.2746,9.6984,0.7814,-0.4057,0.3179,-0.0674,0.1184,-0.0043,14.48,-2.55,-38.7,283.14,-8.09,3.91,48.843887,2.353351,95.2,NaN,,11.476,,0 / 20,,1856,2022-01-11 15:00:28:663
0.0763,0.7289,10.0869,-0.6979,1.2746,9.6984,0.7814,-0.4057,0.3179,-0.0674,0.1184,-0.0043,14.48,-2.55,-38.7,283.14,-8.09,3.91,48.843887,2.353351,95.2,NaN,,11.476,,0 / 20,,1861,2022-01-11 15:00:28:668
0.0763,0.7289,10.0869,-0.6979,1.2746,9.6984,0.7814,-0.4057,0.3179,-0.0674,0.1184,-0.0043,14.48,-2.55,-38.7,283.14,-8.09,3.91,48.843887,2.353351,95.2,NaN,,11.476,,0 / 20,,1866,2022-01-11 15:00:28:673
0.0763,0.7289,10.0869,-0.6979,1.2746,9.6984,0.7814,-0.4057,0.3179,-0.0674,0.1184,-0.0043,14.48,-2.55,-38.7,283.14,-8.09,3.91,48.843887,2.353351,95.2,NaN,,11.476,,0 / 20,,1871,2022-01-11 15:00:28:678
0.0763,0.7289,10.0869,-0.6979,1.2746,9.6984,0.7814,-0.4057,0.3179,-0.0674,0.1184,-0.0043,14.48,-2.55,-38.7,283.14,-8.09,3.91,48.843887,2.353351,95.2,NaN,,11.476,,0 / 20,,1876,2022-01-11 15:00:28:683
0.0763,0.7289,10.0869,-0.6979,1.2746,9.6984,0.7814,-0.4057,0.3179,-0.0674,0.1184,-0.0043,14.48,-2.55,-38.7,283.14,-8.09,3.91,48.843887,2.353351,95.2,NaN,,11.476,,0 / 20,,1882,2022-01-11 15:00:28:689
0.0763,0.7289,10.0869,-0.6979,1.2746,9.6984,0.7814,-0.4057,0.3179,-0.0674,0.1184,-0.0043,14.48,-2.55,-38.7,283.14,-8.09,3.91,48.843887,2.353351,95.2,NaN,,11.476,,0 / 20,,1886,2022-01-11 15:00:28:693
0.0763,0.7289,10.0869,-0.6979,1.2746,9.6984,0.7814,-0.4057,0.3179,-0.0674,0.1184,-0.0043,14.48,-2.55,-38.7,283.14,-8.09,3.91,48.843887,2.353351,95.2,NaN,,11.476,,0 / 20,,1892,2022-01-11 15:00:28:699
-0.0724,1.0977,9.4223,-0.5964,1.2131,9.713,0.5042,-0.3002,0.7009,-0.0674,0.1184,-0.0043,14.48,-2.55,-38.7,283.14,-8.09,3.91,48.843887,2.353351,95.2,NaN,,11.476,,0 / 20,,1897,2022-01-11 15:00:28:704
-0.0724,1.0977,9.4223,-0.5964,1.2131,9.713,0.5042,-0.3002,0.7009,-0.0674,0.1184,-0.0043,14.48,-2.55,-38.7,283.14,-8.09,3.91,48.843887,2.353351,95.2,NaN,,11.476,,0 / 20,,1902,2022-01-11 15:00:28:709
-0.0724,1.0977,9.4223,-0.5964,1.2131,9.713,0.5042,-0.3002,0.7009,-0.0674,0.1184,-0.0043,15.45,-3.15,-38.32,278.23,-7.11,3.51,48.843887,2.353351,95.2,NaN,,11.476,,0 / 20,,1906,2022-01-11 15:00:28:713
-0.0724,1.0977,9.4223,-0.5964,1.2131,9.713,0.5042,-0.3002,0.7009,-0.0674,0.1184,-0.0043,15.45,-3.15,-38.32,278.23,-7.11,3.51,48.843887,2.353351,95.2,NaN,,11.476,,0 / 20,,1911,2022-01-11 15:00:28:718
-0.0724,1.0977,9.4223,-0.5964,1.2131,9.713,0.5042,-0.3002,0.7009,-0.0674,0.1184,-0.0043,15.45,-3.15,-38.32,278.23,-7.11,3.51,48.843887,2.353351,95.2,NaN,,11.476,,0 / 20,,1916,2022-01-11 15:00:28:723
-0.0724,1.0977,9.4223,-0.5964,1.2131,9.713,0.5042,-0.3002,0.7009,0.0421,0.1642,-0.0296,15.45,-3.15,-38.32,278.23,-7.11,3.51,48.843887,2.353351,95.2,NaN,,11.476,,0 / 20,,1921,2022-01-11 15:00:28:728
-0.0724,1.0977,9.4223,-0.5964,1.2131,9.713,0.5042,-0.3002,0.7009,0.0421,0.1642,-0.0296,15.45,-3.15,-38.32,278.23,-7.11,3.51,48.843887,2.353351,95.2,NaN,,11.476,,0 / 20,,1927,2022-01-11 15:00:28:734
-0.0724,1.0977,9.4223,-0.5964,1.2131,9.713,0.5042,-0.3002,0.7009,0.0421,0.1642,-0.0296,15.45,-3.15,-38.32,278.23,-7.11,3.51,48.843887,2.353351,95.2,NaN,,11.476,,0 / 20,,1931,2022-01-11 15:00:28:738
-0.0724,1.0977,9.4223,-0.5964,1.2131,9.713,0.5042,-0.3002,0.7009,0.0421,0.1642,-0.0296,15.45,-3.15,-38.32,278.23,-7.11,3.51,48.843887,2.353351,95.2,NaN,,11.476,,0 / 20,,1937,2022-01-11 15:00:28:744
-0.0724,1.0977,9.4223,-0.5964,1.2131,9.713,0.5042,-0.3002,0.7009,0.0421,0.1642,-0.0296,15.45,-3.15,-38.32,278.23,-7.11,3.51,48.843887,2.353351,95.2,NaN,,11.476,,0 / 20,,1941,2022-01-11 15:00:28:748
-0.0724,1.0977,9.4223,-0.5964,1.2131,9.713,0.5042,-0.3002,0.7009,0.0421,0.1642,-0.0296,15.45,-3.15,-38.32,278.23,-7.11,3.51,48.843887,2.353351,95.2,NaN,,11.476,,0 / 20,,1946,2022-01-11 15:00:28:753
-0.0724,1.0977,9.4223,-0.5964,1.2131,9.713,0.5042,-0.3002,0.7009,0.0421,0.1642,-0.0296,15.45,-3.15,-38.32,278.23,-7.11,3.51,48.843887,2.353351,95.2,NaN,,11.476,,0 / 20,,1952,2022-01-11 15:00:28:759
-0.0724,1.0977,9.4223,-0.5964,1.2131,9.713,0.5042,-0.3002,0.7009,0.0421,0.1642,-0.0296,15.45,-3.15,-38.32,278.23,-7.11,3.51,48.843887,2.353351,95.2,NaN,,11.476,,0 / 20,,1957,2022-01-11 15:00:28:764
-0.0724,1.0977,9.4223,-0.5964,1.2131,9.713,0.5042,-0.3002,0.7009,0.0421,0.1642,-0.0296,15.45,-3.15,-38.32,278.23,-7.11,3.51,48.843887,2.353351,95.2,NaN,,11.476,,0 / 20,,1961,2022-01-11 15:00:28:768
-0.0724,1.0977,9.4223,-0.5964,1.2131,9.713,0.5042,-0.3002,0.7009,0.0421,0.1642,-0.0296,15.45,-3.15,-38.32,278.23,-7.11,3.51,48.843887,2.353351,95.2,NaN,,11.476,,0 / 20,,1966,2022-01-11 15:00:28:773
-0.0724,1.0977,9.4223,-0.5964,1.2131,9.713,0.5042,-0.3002,0.7009,0.0421,0.1642,-0.0296,15.45,-3.15,-38.32,278.23,-7.11,3.51,48.843887,2.353351,95.2,NaN,,11.476,,0 / 20,,1971,2022-01-11 15:00:28:778
-0.0724,1.0977,9.4223,-0.5964,1.2131,9.713,0.5042,-0.3002,0.7009,0.0421,0.1642,-0.0296,15.45,-3.15,-38.32,278.23,-7.11,3.51,48.843887,2.353351,95.2,NaN,,11.476,,0 / 20,,1977,2022-01-11 15:00:28:784
-0.0724,1.0977,9.4223,-0.5964,1.2131,9.713,0.5042,-0.3002,0.7009,0.0421,0.1642,-0.0296,15.45,-3.15,-38.32,278.23,-7.11,3.51,48.843887,2.353351,95.2,NaN,,11.476,,0 / 20,,1981,2022-01-11 15:00:28:788
-0.6377,1.2559,7.0998,-0.5964,1.2131,9.713,0.5042,-0.3002,0.7009,0.0421,0.1642,-0.0296,15.45,-3.15,-38.32,278.23,-7.11,3.51,48.843887,2.353351,95.2,NaN,,11.476,,0 / 20,,1986,2022-01-11 15:00:28:793
-0.6377,1.2559,7.0998,-0.5964,1.2131,9.713,0.5042,-0.3002,0.7009,0.0421,0.1642,-0.0296,15.45,-3.15,-38.32,278.23,-7.11,3.51,48.843887,2.353351,95.2,NaN,,11.476,,0 / 20,,1991,2022-01-11 15:00:28:798
-0.6377,1.2559,7.0998,-0.5964,1.2131,9.713,0.5042,-0.3002,0.7009,-0.3301,-0.266,0.0041,15.45,-3.15,-38.32,278.23,-7.11,3.51,48.843887,2.353351,95.2,NaN,,11.476,,0 / 20,,1996,2022-01-11 15:00:28:803
-0.6377,1.2559,7.0998,-0.5964,1.2131,9.713,0.5042,-0.3002,0.7009,-0.3301,-0.266,0.0041,15.45,-3.15,-38.32,278.23,-7.11,3.51,48.843887,2.353351,95.2,NaN,,11.476,,0 / 20,,2001,2022-01-11 15:00:28:808
-0.6377,1.2559,7.0998,-0.5964,1.2131,9.713,0.5042,-0.3002,0.7009,-0.3301,-0.266,0.0041,15.75,-3.22,-38.4,277.67,-7.11,3.51,48.843887,2.353351,95.2,NaN,,11.476,,0 / 20,,2006,2022-01-11 15:00:28:813
-0.6377,1.2559,7.0998,-0.5964,1.2131,9.713,0.5042,-0.3002,0.7009,-0.3301,-0.266,0.0041,15.75,-3.22,-38.4,277.67,-7.11,3.51,48.843887,2.353351,95.2,NaN,,11.476,,0 / 20,,2012,2022-01-11 15:00:28:819
-0.6377,1.2559,7.0998,-0.4327,1.0536,9.7403,0.223,-0.0997,0.6747,-0.3301,-0.266,0.0041,15.75,-3.22,-38.4,277.67,-7.11,3.51,48.843887,2.353351,95.2,NaN,,11.476,,0 / 20,,2017,2022-01-11 15:00:28:824
-0.6377,1.2559,7.0998,-0.4327,1.0536,9.7403,0.223,-0.0997,0.6747,-0.3301,-0.266,0.0041,15.75,-3.22,-38.4,277.67,-7.11,3.51,48.843887,2.353351,95.2,NaN,,11.476,,0 / 20,,2021,2022-01-11 15:00:28:828
-0.6377,1.2559,7.0998,-0.4327,1.0536,9.7403,0.223,-0.0997,0.6747,-0.3301,-0.266,0.0041,15.75,-3.22,-38.4,277.67,-7.11,3.51,48.843887,2.353351,95.2,NaN,,11.476,,0 / 20,,2027,2022-01-11 15:00:28:834
-0.6377,1.2559,7.0998,-0.4327,1.0536,9.7403,0.223,-0.0997,0.6747,-0.3301,-0.266,0.0041,15.75,-3.22,-38.4,277.67,-7.11,3.51,48.843887,2.353351,95.2,NaN,,11.476,,0 / 20,,2031,2022-01-11 15:00:28:838